last_name, first_name,player_id,year,on_base_plus_slg
Beltré, Adrián,134181,2018,0.762
Suzuki, Ichiro,400085,2018,0.46
Martinez, Victor,400121,2018,0.65
Utley, Chase,400284,2018,0.61
Pujols, Albert,405395,2018,0.7
Holliday, Matt,407812,2018,0.849
Mauer, Joe,408045,2018,0.73
Cabrera, Miguel,408234,2018,0.843
González, Adrián,408236,2018,0.672
Phillips, Brandon,408252,2018,0.52
Reyes, José,408314,2018,0.58
Mathis, Jeff,425772,2018,0.544
Choo, Shin-Soo,425783,2018,0.811
Rivera, René,425784,2018,0.694
Wainwright, Adam,425794,2018,0.182
Greinke, Zack,425844,2018,0.566
Molina, Yadier,425877,2018,0.75
Canó, Robinson,429664,2018,0.845
Encarnación, Edwin,429665,2018,0.81
Bautista, José,430832,2018,0.726
Hamels, Cole,430935,2018,0.394
Jones, Adam,430945,2018,0.732
Martin, Russell,431145,2018,0.663
Granderson, Curtis,434158,2018,0.782
Davis, Rajai,434658,2018,0.559
Ramirez, Hanley,434670,2018,0.708
Sánchez, Aníbal,434671,2018,0.072
Morales, Kendrys,434778,2018,0.769
Kendrick , Howie,435062,2018,0.805
Wilson, Bobby,435064,2018,0.523
Kinsler, Ian,435079,2018,0.681
McCarthy, Brandon,435221,2018,0.275
McCann, Brian,435263,2018,0.64
Walker, Neil,435522,2018,0.663
Suzuki, Kurt,435559,2018,0.776
Desmond, Ian,435622,2018,0.729
Cruz , Nelson,443558,2018,0.851
Trumbo, Mark,444432,2018,0.765
Peralta, David,444482,2018,0.868
Piña, Manny,444489,2018,0.702
Escobar, Alcides,444876,2018,0.592
Jay, Jon,445055,2018,0.677
Prado, Martín,445988,2018,0.592
Moore, Adam,446192,2018,0.707
Duda, Lucas,446263,2018,0.731
Wieters, Matt,446308,2018,0.704
Longoria, Evan,446334,2018,0.693
Cozart, Zack,446359,2018,0.658
Guyer, Brandon,446386,2018,0.671
Rodríguez, Sean,446481,2018,0.59
Lobatón, Jose,446653,2018,0.47
Hill, Rich,448179,2018,0.186
Reynolds, Mark,448602,2018,0.804
Davis, Chris,448801,2018,0.539
Guerra, Junior,448855,2018,0.314
Orlando, Paulo,449181,2018,0.394
Vargas, Jason,450306,2018,0.327
Zobrist, Ben,450314,2018,0.818
Adduci, James,451192,2018,0.676
Fowler, Dexter,451594,2018,0.576
Flowers, Tyler,452095,2018,0.7
Headley, Chase,452104,2018,0.368
Pence, Hunter,452254,2018,0.59
Span, Denard,452655,2018,0.76
Lester, Jon,452657,2018,0.288
Cabrera, Asdrúbal,452678,2018,0.774
Robinson, Shane,453203,2018,0.432
Scherzer, Max,453286,2018,0.545
Buchholz, Clay,453329,2018,0.191
Richard, Clayton,453385,2018,0.346
Arrieta, Jake,453562,2018,0.388
Blackmon, Charlie,453568,2018,0.86
Blanco, Grégor,453923,2018,0.579
Frazier, Todd,453943,2018,0.693
Ellis, A.J.,454560,2018,0.722
Iannetta, Chris,455104,2018,0.73
Maldonado, Martín,455117,2018,0.627
Chirinos, Robinson,455139,2018,0.757
Stewart, Chris,455755,2018,0.435
Young, Chris,455759,2018,0.615
Markakis, Nick,455976,2018,0.806
Pedroia, Dustin,456030,2018,0.322
Castillo, Welington,456078,2018,0.71
Kratz, Erik,456124,2018,0.635
Núñez, Eduardo,456488,2018,0.677
Cueto, Johnny,456501,2018,0
Pearce, Steve,456665,2018,0.89
Bailey, Homer,456701,2018,0.263
Cain, Lorenzo,456715,2018,0.812
McCutchen, Andrew,457705,2018,0.792
Jackson, Austin,457706,2018,0.625
Upton, Justin,457708,2018,0.807
Maybin, Cameron,457727,2018,0.662
Turner, Justin,457759,2018,0.924
Posey , Buster,457763,2018,0.741
Bruce, Jay,457803,2018,0.68
Votto, Joey,458015,2018,0.836
Rasmus, Colby,458675,2018,0.426
Gardner, Brett,458731,2018,0.69
Young , Eric,458913,2018,0.551
Joyce, Matt,459964,2018,0.675
Hundley, Nick,460026,2018,0.706
Pennington, Cliff,460060,2018,0.403
Braun, Ryan,460075,2018,0.782
Butera, Drew,460077,2018,0.565
Gordon, Alex,460086,2018,0.694
Gimenez, Chris,460269,2018,0.621
Gómez, Carlos,460576,2018,0.634
Kemp, Matt,461314,2018,0.819
Gonzalez, Gio,461829,2018,0.194
Plouffe, Trevor,461858,2018,0.75
Romine, Andrew,461865,2018,0.504
Andrus, Elvis,462101,2018,0.675
Petit, Gregorio,463610,2018,0.592
Cervelli, Francisco,465041,2018,0.809
Florimón, Pedro,465753,2018,0.699
Cabrera, Melky,466320,2018,0.755
Sandoval, Pablo,467055,2018,0.727
Ramos, Wilson,467092,2018,0.845
Nova, Iván,467100,2018,0.038
Santana, Carlos,467793,2018,0.766
Parra, Gerardo,467827,2018,0.714
Chacín, Jhoulys,468504,2018,0.382
Montero, Miguel,471083,2018,0.154
González, Carlos,471865,2018,0.796
Valbuena, Luis,472528,2018,0.588
Mercer, Jordy,474568,2018,0.696
Belt, Brandon,474832,2018,0.756
Ross, Tyson,475115,2018,0.477
Alonso, Yonder,475174,2018,0.738
Flaherty, Ryan,475247,2018,0.59
Smoak, Justin,475253,2018,0.807
Zimmerman, Ryan,475582,2018,0.823
Hellickson, Jeremy,476451,2018,0.157
Lowrie, Jed,476704,2018,0.801
Álvarez, Pedro,476883,2018,0.697
Kershaw, Clayton,477132,2018,0.623
Avila, Alex,488671,2018,0.603
Barnes, Brandon,488681,2018,0.754
Bourjos, Peter,488721,2018,0.603
Brantley , Michael,488726,2018,0.832
Castro, Jason,488771,2018,0.495
Cruz, Tony,488810,2018,0.462
d'Arnaud, Chase,488818,2018,0.619
Miley, Wade,489119,2018,0.399
Morrison, Logan,489149,2018,0.644
Rosales, Adam,489267,2018,0.671
Hernández, Gorkys,491676,2018,0.676
Sucre, Jesús,491696,2018,0.5
Cespedes, Yoenis,493316,2018,0.821
Gurriel, Yuli,493329,2018,0.751
Beckham, Gordon,493596,2018,0.455
Rodríguez, Ronny,500135,2018,0.591
Solarte, Yangervis,500208,2018,0.655
Rojas, Miguel,500743,2018,0.643
Quintana, Jose,500779,2018,0.154
Escobar, Eduardo,500871,2018,0.823
Martínez, José,500874,2018,0.821
Sierra, Moisés,501213,2018,0.421
Adrianza, Ehire,501303,2018,0.68
Lagares, Juan,501571,2018,0.765
Almonte, Abraham,501659,2018,0.544
Freese, David,501896,2018,0.83
Davis, Khris,501981,2018,0.875
Archer, Chris,502042,2018,0.294
Pham, Tommy,502054,2018,0.831
Chisenhall, Lonnie,502082,2018,0.846
Martinez, J.D.,502110,2018,1.031
Negrón, Kristopher,502117,2018,0.555
Valencia, Danny,502143,2018,0.724
Samardzija, Jeff,502188,2018,0.2
Reddick, Josh,502210,2018,0.718
Gentry, Craig,502226,2018,0.667
Dyson, Jarrod,502481,2018,0.539
Murphy, Daniel,502517,2018,0.79
Anderson, Chase,502624,2018,0.178
Goldschmidt, Paul,502671,2018,0.922
Holland, Derek,502706,2018,0.149
Gonzalez, Marwin,503556,2018,0.733
Darvish, Yu,506433,2018,0.25
León, Sandy,506702,2018,0.511
Sanchez, Adrián,506703,2018,0.633
Peña, Francisco,506747,2018,0.51
Altuve, Jose,514888,2018,0.837
Hernández, César,514917,2018,0.718
Segura, Jean,516416,2018,0.756
Arcia, Francisco,516472,2018,0.653
Castro, Starlin,516770,2018,0.729
Marte, Starling,516782,2018,0.787
Pirela, José,517369,2018,0.645
Bettis, Chad,518452,2018,0.227
Blash, Jabari,518466,2018,0.328
Bumgarner, Madison,518516,2018,0.379
Centeno, Juan,518542,2018,0.454
Culberson, Charlie,518586,2018,0.792
d'Arnaud, Travis,518595,2018,0.65
Descalso, Daniel,518614,2018,0.789
Dietrich, Derek,518618,2018,0.751
Donaldson, Josh,518626,2018,0.801
Freeman, Freddie,518692,2018,0.893
Grandal, Yasmani,518735,2018,0.815
Harvey, Matt,518774,2018,0.184
Heyward, Jason,518792,2018,0.73
Kozma, Pete,518902,2018,0.584
LeMahieu, DJ,518934,2018,0.749
Lucroy, Jonathan,518960,2018,0.616
Mesoraco, Devin,519023,2018,0.701
Moreland, Mitch,519048,2018,0.758
Moustakas, Mike,519058,2018,0.774
Rizzo, Anthony,519203,2018,0.846
Romine, Austin,519222,2018,0.712
Smolinski, Jake,519295,2018,0.376
Sogard, Eric,519299,2018,0.406
Souza , Steven,519306,2018,0.678
Stanton, Giancarlo,519317,2018,0.852
Szczur, Matt,519333,2018,0.532
Thames, Eric,519346,2018,0.784
Galvis, Freddy,520471,2018,0.679
Perez, Salvador,521692,2018,0.713
Forsythe, Logan,523253,2018,0.604
Flores, Wilmer,527038,2018,0.736
Marte, Jefry,527043,2018,0.644
Teheran, Julio,527054,2018,0.44
LaMarre, Ryan,534606,2018,0.704
García, Avisaíl,541645,2018,0.719
Pérez, Hernán,541650,2018,0.676
Pérez, Carlos,542208,2018,0.392
Inciarte, Ender,542255,2018,0.705
Ozuna, Marcell,542303,2018,0.758
Villar, Jonathan,542340,2018,0.709
Ortega, Rafael,542364,2018,0.558
Santana, Danny,542454,2018,0.567
Telis, Tomás,542513,2018,0.499
Aguilar, Jesús,542583,2018,0.891
Anderson, Tyler,542881,2018,0.267
Bandy, Jett,542908,2018,0.534
Beckham, Tim,542921,2018,0.661
Berti, Jon,542932,2018,0.734
Broxton, Keon,542979,2018,0.691
Chatwood, Tyler,543022,2018,0.352
Crawford, Brandon,543063,2018,0.719
Cron, C.J.,543068,2018,0.816
DeSclafani, Anthony,543101,2018,0.357
Eovaldi, Nathan,543135,2018,0.311
Federowicz, Tim,543148,2018,0.662
Galloway, Isaac,543194,2018,0.692
Gomes, Yan,543228,2018,0.762
Grossman, Robbie,543257,2018,0.751
Harrison, Josh,543281,2018,0.656
Hendricks, Kyle,543294,2018,0.18
Herrmann, Chris,543302,2018,0.743
Hicks, Aaron,543305,2018,0.833
Hicks, John,543308,2018,0.715
Higashioka, Kyle,543309,2018,0.56
Hosmer, Eric,543333,2018,0.72
Joseph, Caleb,543376,2018,0.575
Joseph, Corban,543377,2018,0.541
Kipnis, Jason,543401,2018,0.704
Lyles, Jordan,543475,2018,0.167
Mahtook, Mikie,543484,2018,0.635
McCann, James,543510,2018,0.581
Miller, Brad,543543,2018,0.724
Montgomery, Mike,543557,2018,0.209
Rendon, Anthony,543685,2018,0.909
Roark, Tanner,543699,2018,0.476
Semien, Marcus,543760,2018,0.706
Shaw, Travis,543768,2018,0.825
Shuck, JB,543776,2018,0.486
Springer , George,543807,2018,0.78
Strange-Gordon, Dee,543829,2018,0.637
Vázquez, Christian,543877,2018,0.54
Wong, Kolten,543939,2018,0.72
Gregorius, Didi,544369,2018,0.829
Garcia, Leury,544725,2018,0.679
den Dekker, Matthew,544925,2018,0.095
Strasburg, Stephen,544931,2018,0.285
Vargas, Ildemaro,545121,2018,0.618
Fontana, Nolan,545337,2018,0.531
Grichuk, Randal,545341,2018,0.803
Marisnick, Jake,545350,2018,0.674
Stassi, Max,545358,2018,0.71
Trout, Mike,545361,2018,1.088
Herrera, Odúbel,546318,2018,0.73
Alford, Anthony,546990,2018,0.295
Almora , Albert,546991,2018,0.701
Ruiz, Rio,547004,2018,0.35
Delmonico, Nicky,547170,2018,0.669
Wolters, Tony,547172,2018,0.578
Lorenzen, Michael,547179,2018,1.043
Harper, Bryce,547180,2018,0.889
Pérez, Roberto,547379,2018,0.519
Ngoepe, Gift,547912,2018,0.161
Ryu, Hyun Jin,547943,2018,0.629
Martin, Leonys,547982,2018,0.748
Abreu, José,547989,2018,0.798
Stripling, Ross,548389,2018,0.182
Díaz, Elias,553869,2018,0.791
Narváez, Omar,553882,2018,0.795
Astudillo, Willians,553902,2018,0.887
Machado, Dixon,553988,2018,0.553
Suárez, Eugenio,553993,2018,0.892
Wheeler, Zack,554430,2018,0.425
Polanco, Gregory,570256,2018,0.839
Santana, Domingo,570267,2018,0.74
González, Erik,570481,2018,0.676
Urshela, Gio,570482,2018,0.609
Sánchez, Yolmer,570560,2018,0.678
Ureña, José,570632,2018,0.124
Schoop, Jonathan,570731,2018,0.682
Villanueva, Christian,570799,2018,0.749
Adams, Matt,571431,2018,0.786
Altherr, Aaron,571437,2018,0.628
Arenado, Nolan,571448,2018,0.935
Barnhart, Tucker,571466,2018,0.7
Bour, Justin,571506,2018,0.745
Corbin, Patrick,571578,2018,0.435
Cuevas, Noel,571595,2018,0.583
Davidson, Matt,571602,2018,0.738
Farmer, Kyle,571657,2018,0.636
Freitas, David,571679,2018,0.589
Gennett, Scooter,571697,2018,0.847
Goodwin, Brian,571718,2018,0.708
Hamilton, Billy,571740,2018,0.626
Haniger, Mitch,571745,2018,0.859
Hernández, Enrique,571771,2018,0.806
Holt, Brock,571788,2018,0.773
Kelly, Ty,571841,2018,0.258
Kieboom, Spencer,571851,2018,0.642
Koch, Matt,571863,2018,0.259
Lamb, Jake,571875,2018,0.655
Maile, Luke,571912,2018,0.699
Marrero, Deven,571918,2018,0.429
Matz, Steven,571927,2018,0.424
Mikolas, Miles,571945,2018,0.421
Mitchell, Bryan,571951,2018,0.222
Muncy, Max,571970,2018,0.973
Murphy, John Ryan,571974,2018,0.619
Myers, Wil,571976,2018,0.764
Naquin, Tyler,571980,2018,0.651
Owings, Chris,572008,2018,0.574
Phegley, Josh,572033,2018,0.599
Piscotty, Stephen,572039,2018,0.822
Pollock, AJ,572041,2018,0.8
Rickard, Joey,572073,2018,0.713
Seager, Kyle,572122,2018,0.673
Susac, Andrew,572180,2018,0.269
Taylor, Michael A.,572191,2018,0.644
Thompson, Trayce,572204,2018,0.373
Voit , Luke,572228,2018,1.069
Walker, Christian,572233,2018,0.614
Zunino, Mike,572287,2018,0.669
Erlin, Robbie,572362,2018,0.467
Goins, Ryan,572365,2018,0.565
Adams, Lane,572669,2018,0.865
Carpenter, Matt,572761,2018,0.897
Dickerson, Corey,572816,2018,0.804
Dozier, Brian,572821,2018,0.696
Saladino, Tyler,573135,2018,0.696
Straily, Dan,573185,2018,0.544
Contreras, Willson,575929,2018,0.729
Gyorko, Jedd,576397,2018,0.762
Iglesias, Jose,578428,2018,0.699
Travis, Devon,581527,2018,0.656
Johnson , Sherman,582473,2018,0.091
Hechavarría, Adeiny,588751,2018,0.624
Torreyes, Ronald,591720,2018,0.664
Osuna, José,591741,2018,0.648
Valera, Breyvic,591971,2018,0.567
Austin, Tyler,592122,2018,0.767
Bryant, Kris,592178,2018,0.834
Canha, Mark,592192,2018,0.777
Casali, Curt,592200,2018,0.805
Castellanos, Nick,592206,2018,0.854
Cowart, Kaleb,592230,2018,0.451
DeShields, Delino,592261,2018,0.591
Drury, Brandon,592273,2018,0.516
Foltynewicz, Mike,592314,2018,0.121
Gamel, Ben,592325,2018,0.728
Gausman, Kevin,592332,2018,0.248
Goodrum, Niko,592348,2018,0.747
Gray, Jon,592351,2018,0.242
Healy, Ryon,592387,2018,0.689
Holaday, Bryan,592407,2018,0.519
Jones, JaCoby,592444,2018,0.63
Judge, Aaron,592450,2018,0.92
Kingham, Nick,592468,2018,0.29
Machado, Manny,592518,2018,0.905
Moran, Colin,592567,2018,0.747
Pederson, Joc,592626,2018,0.843
Pompey, Dalton,592647,2018,0.473
Ray, Robbie,592662,2018,0.178
Realmuto, J.T.,592663,2018,0.824
Renfroe, Hunter,592669,2018,0.806
Rivera, Yadiel,592680,2018,0.485
Robinson, Drew,592685,2018,0.582
Rosario, Eddie,592696,2018,0.802
Simmons, Andrelton,592743,2018,0.754
Smith, Caleb,592761,2018,0.272
Syndergaard, Noah,592789,2018,0.313
Taillon, Jameson,592791,2018,0.174
Toles, Andrew,592808,2018,0.581
Velasquez, Vince,592826,2018,0.475
Wilkerson, Stevie,592859,2018,0.463
Williams, Mason,592863,2018,0.729
Williams, Trevor,592866,2018,0.272
Yelich, Christian,592885,2018,1
Merrifield, Whit,593160,2018,0.805
Martinez, Carlos,593372,2018,0.629
Bogaerts, Xander,593428,2018,0.882
Castro, Daniel,593495,2018,0.452
Torres, Ramón,593527,2018,0.421
Bonifacio, Jorge,593528,2018,0.672
Alberto, Hanser,593643,2018,0.5
Brito, Sócrates,593647,2018,0.477
Hanson, Alen,593700,2018,0.699
Polanco, Jorge,593871,2018,0.772
Sanó, Miguel,593934,2018,0.679
Briceño, José,593993,2018,0.684
Herrera, Rosell,594011,2018,0.603
Difo, Wilmer,594694,2018,0.648
Calhoun, Kole,594777,2018,0.652
deGrom, Jacob,594798,2018,0.39
Duvall, Adam,594807,2018,0.639
Eaton, Adam,594809,2018,0.805
Garcia, Greg,594824,2018,0.613
Gattis, Evan,594828,2018,0.736
Gosselin, Phil,594838,2018,0.5
Palka, Daniel,594953,2018,0.778
Ponce de Leon, Daniel,594965,2018,0.444
Schebler, Scott,594988,2018,0.776
Gerber, Mike,595222,2018,0.289
Kiermaier, Kevin,595281,2018,0.652
Knapp, Andrew,595284,2018,0.61
Reinheimer, Jack,595373,2018,0.453
Riddle, JT,595375,2018,0.654
Wallach, Chad,595453,2018,0.542
Alfaro, Jorge,595751,2018,0.731
Profar, Jurickson,595777,2018,0.793
Báez, Javier,595879,2018,0.88
Bird, Greg,595885,2018,0.672
Cave, Jake,595909,2018,0.786
Evans, Phillip,595943,2018,0.36
Gallagher, Cam,595956,2018,0.552
Hedges, Austin,595978,2018,0.711
Kramer, Kevin,596012,2018,0.31
Lindor, Francisco,596019,2018,0.871
Odor, Rougned,596059,2018,0.75
Slater, Austin,596103,2018,0.64
Smith , Dwight,596105,2018,0.824
Story, Trevor,596115,2018,0.915
Swihart, Blake,596119,2018,0.613
Vogelbach, Daniel,596129,2018,0.692
Weaver, Luke,596133,2018,0.337
Sánchez, Gary,596142,2018,0.697
Sardinas, Luis,596143,2018,0.478
Cuthbert, Cheslor,596144,2018,0.583
Kepler, Max,596146,2018,0.727
Gomber, Austin,596295,2018,0.474
Quinn, Roman,596451,2018,0.729
Franco, Maikel,596748,2018,0.781
Choi, Ji Man,596847,2018,0.862
Bradley , Jackie,598265,2018,0.717
O'Brien, Peter,598284,2018,0.868
Herrera, Dilson,599096,2018,0.682
Motter, Taylor,600301,2018,0.472
La Stella, Tommy,600303,2018,0.671
Severino, Pedro,600474,2018,0.501
Núñez, Renato,600524,2018,0.741
Candelario, Jeimer,600869,2018,0.71
Pivetta, Nick,601713,2018,0.268
Guerrero, Gabriel,602115,2018,0.5
Rondon, José,602922,2018,0.75
Ahmed, Nick,605113,2018,0.701
Anderson, Brian,605119,2018,0.757
Barnes, Austin,605131,2018,0.619
Bell, Josh,605137,2018,0.768
Betts, Mookie,605141,2018,1.078
Caratini, Victor,605170,2018,0.597
Davies, Zach,605200,2018,0.134
Davis, J.D.,605204,2018,0.471
Fisher, Derek,605233,2018,0.601
Garcia, Aramis,605244,2018,0.8
Marjama, Mike,605357,2018,0.394
Martini, Nick,605361,2018,0.811
Musgrove, Joe,605397,2018,0.355
Nola, Aaron,605400,2018,0.128
Panik, Joe,605412,2018,0.639
Pérez, Michael,605421,2018,0.696
Rodríguez, Dereck,605446,2018,0.219
Skole, Matt,605474,2018,0.93
Smith, Mallex,605480,2018,0.773
Spangenberg, Cory,605486,2018,0.66
Suárez, Andrew,605498,2018,0.166
Tilson, Charlie,605508,2018,0.623
Tomlinson, Kelby,605509,2018,0.529
Tucker, Preston,605512,2018,0.703
Walding, Mitch,605520,2018,0.393
Woodruff, Brandon,605540,2018,0.958
Zimmer, Bradley,605548,2018,0.611
Castro, Harold,605612,2018,0.6
Arcia, Orlando,606115,2018,0.575
Tapia, Raimel,606132,2018,0.739
Hernández, Teoscar,606192,2018,0.77
Peraza, José,606299,2018,0.742
García, Jarlín,606424,2018,0.1
Marte, Ketel,606466,2018,0.769
Greiner, Grayson,606988,2018,0.609
Haase, Eric,606992,2018,0.301
Nimmo, Brandon,607043,2018,0.887
Peterson, Jace,607054,2018,0.634
Fedde, Erick,607200,2018,0.181
Turner, Trea,607208,2018,0.76
Romano, Sal,607219,2018,0.139
Gant, John,607231,2018,0.323
Lopez, Raffy,607257,2018,0.549
Smith, Kevan,607345,2018,0.728
Rua, Ryan,607387,2018,0.581
Andreoli, John,607430,2018,0.546
Blandino, Alex,607468,2018,0.613
Bostick, Christopher,607471,2018,0.528
Freeland, Kyle,607536,2018,0.242
Lugo, Seth,607625,2018,0.258
Pillar, Kevin,607680,2018,0.708
Stallings, Jacob,607732,2018,0.484
Travis, Sam,607752,2018,0.652
Williamson, Mac,607776,2018,0.678
Ramírez, José,608070,2018,0.939
Bregman, Alex,608324,2018,0.926
Gallo, Joey,608336,2018,0.81
Kelly, Carson,608348,2018,0.319
Russell, Addison,608365,2018,0.657
Seager, Corey,608369,2018,0.744
Wacha, Michael,608379,2018,0.195
Williams, Nick,608384,2018,0.749
Winker, Jesse,608385,2018,0.836
Lugo, Dawel,608475,2018,0.576
Márquez, Germán,608566,2018,0.65
Mazara, Nomar,608577,2018,0.753
Murphy, Tom,608596,2018,0.637
Guzmán, Ronald,608597,2018,0.722
Field, Johnny,608654,2018,0.657
Jankowski, Travis,608671,2018,0.678
Plawecki, Kevin,608700,2018,0.685
Refsnyder, Rob,608701,2018,0.588
Reynolds, Matt,608703,2018,0.368
Stratton, Chris,608717,2018,0.299
Suter, Brent,608718,2018,0.669
Mondesi, Adalberto,609275,2018,0.804
Andujar, Miguel,609280,2018,0.855
Chen, Wei-Yin,612672,2018,0.325
Cordero, Franchy,614173,2018,0.746
Reyes, Franmil,614177,2018,0.838
Barreto, Franklin,620439,2018,0.746
Urena, Richard,620446,2018,0.704
Robertson, Daniel,621002,2018,0.797
Swanson, Dansby,621020,2018,0.699
Newman, Kevin,621028,2018,0.478
Taylor, Chris,621035,2018,0.775
Correa, Carlos,621043,2018,0.728
Valentín, Jesmuel,621044,2018,0.562
Eflin, Zach,621107,2018,0.25
Buehler, Walker,621111,2018,0.363
Oswalt, Corey,621261,2018,0
Dahl, David,621311,2018,0.859
Blach, Ty,621389,2018,0.131
Phillips, Brett,621433,2018,0.558
Buxton, Byron,621439,2018,0.383
Brinson, Lewis,621446,2018,0.578
Duggar, Steven,621453,2018,0.693
Stewart, DJ,621466,2018,0.89
Powell, Boog,621471,2018,0.492
Ward, Taylor,621493,2018,0.578
Nido, Tomás,621512,2018,0.438
Stewart, Christin,621514,2018,0.792
Hudson, Joe,621529,2018,0.417
Wisdom, Patrick,621550,2018,0.882
Moroff, Max,621559,2018,0.64
Wendle, Joey,621563,2018,0.789
Olson, Matt,621566,2018,0.788
Dean, Austin,621573,2018,0.642
Shaw, Chris,622046,2018,0.552
Wood, Alex,622072,2018,0.09
Duffy, Matt,622110,2018,0.727
Muñoz, Yairo,622168,2018,0.763
Maxwell, Bruce,622194,2018,0.516
Cozens, Dylan,622226,2018,0.562
Rodriguez, Jefry,622446,2018,0.438
Castillo, Luis,622491,2018,0.25
Gómez, Miguel,622497,2018,0.534
Margot, Manuel,622534,2018,0.676
Reyes, Pablo,622569,2018,0.832
Senzatela, Antonio,622608,2018,0.208
Camargo, Johan,622666,2018,0.806
Reyes, Victor,622682,2018,0.527
Hernández, Elieser,622694,2018,0
Kivlehan, Patrick,623182,2018,0.824
Velazquez, Andrew,623205,2018,0.817
Avelino, Abiatal,623214,2018,0.546
Bote, David,623520,2018,0.727
Santander, Anthony,623993,2018,0.547
Lin, Tzu-Wei,624407,2018,0.744
Arroyo, Christian,624414,2018,0.735
Ciuffo, Nick,624419,2018,0.559
Conforto, Michael,624424,2018,0.798
Frazier, Adam,624428,2018,0.798
McGuire, Reese,624512,2018,0.914
Puig, Yasiel,624577,2018,0.821
Soler, Jorge,624585,2018,0.82
Tocci, Carlos,624636,2018,0.554
Maeda, Kenta,628317,2018,0.188
Fernández, José Miguel,628336,2018,0.697
Heredia, Guillermo,628338,2018,0.66
Ervin, Phillip,640447,2018,0.728
Frazier, Clint,640449,2018,0.743
Meadows, Austin,640457,2018,0.786
Pinder, Chad,640461,2018,0.768
López, Pablo,641154,2018,0.423
Anderson, Tim,641313,2018,0.687
Asuaje, Carlos,641319,2018,0.566
Bauers, Jake,641343,2018,0.7
Bellinger, Cody,641355,2018,0.813
Calhoun, Willie,641432,2018,0.602
Cordell, Ryan,641477,2018,0.341
Crawford, J.P.,641487,2018,0.712
Davis, Jonathan,641505,2018,0.499
Dixon, Brandon,641525,2018,0.574
Dozier, Hunter,641531,2018,0.673
Engel, Adam,641553,2018,0.615
Fowler, Dustin,641583,2018,0.61
Garver, Mitch,641598,2018,0.749
Guillorme, Luis,641645,2018,0.523
Hampson, Garrett,641658,2018,0.796
Hermosillo, Michael,641684,2018,0.607
Kuhl, Chad,641771,2018,0.286
Lauer, Eric,641778,2018,0.194
Locastro, Tim,641796,2018,0.63
Mahle, Tyler,641816,2018,0.299
Mancini , Trey,641820,2018,0.715
McKinney, Billy,641856,2018,0.78
McMahon, Ryan,641857,2018,0.683
Nottingham, Jacob,641924,2018,0.583
O'Neill, Tyler,641933,2018,0.803
Reed, Cody,642003,2018,0.083
Sisco, Chance,642082,2018,0.557
Smith, Dominic,642086,2018,0.675
Tellez, Rowdy,642133,2018,0.943
Valaika, Pat,642162,2018,0.46
Wade, Tyler,642180,2018,0.487
Mejía, Francisco,642336,2018,0.633
Sierra, Magneuris,642423,2018,0.433
Peralta, Freddy,642547,2018,0.076
Rosario, Amed,642708,2018,0.676
Adames, Willy,642715,2018,0.754
Guerra, Javy,642770,2018,0.388
Wynns, Austin,642851,2018,0.669
Benintendi, Andrew,643217,2018,0.831
Brault, Steven,643230,2018,0.39
Cooper, Garrett,643265,2018,0.558
Godley, Zack,643327,2018,0.18
Jansen, Danny,643376,2018,0.779
Kemp, Tony,643393,2018,0.743
Kiner-Falefa, Isiah,643396,2018,0.682
McNeil, Jeff,643446,2018,0.852
Tauchman, Mike,643565,2018,0.319
White, Tyler,643603,2018,0.887
Orf, Nate,644337,2018,0.478
Alcantara, Sandy,645261,2018,0.077
Albies, Ozzie,645277,2018,0.757
Robles, Victor,645302,2018,0.873
Devers, Rafael,646240,2018,0.731
Díaz, Aledmys,649557,2018,0.756
Urías, Luis,649966,2018,0.618
Torres, Gleyber,650402,2018,0.82
Díaz, Yandy,650490,2018,0.797
Viloria, Meibrys,650619,2018,0.619
Allen, Greg,656185,2018,0.653
Chapman, Matt,656305,2018,0.864
Flaherty, Jack,656427,2018,0.34
Hoskins, Rhys,656555,2018,0.85
Luplow, Jordan,656669,2018,0.631
Mullins , Cedric,656775,2018,0.671
Newcomb, Sean,656794,2018,0.132
Nix, Jacob,656798,2018,0
O'Hearn, Ryan,656811,2018,0.95
Schwarber, Kyle,656941,2018,0.823
Toussaint, Touki,657053,2018,0.2
Verdugo, Alex,657077,2018,0.706
DeJong, Paul,657557,2018,0.746
Laureano, Ramón,657656,2018,0.832
Lee, Braxton,657658,2018,0.398
Moncada, Yoán,660162,2018,0.715
Ohtani, Shohei,660271,2018,0.925
Acuña , Ronald,660670,2018,0.918
Tucker, Kyle,663656,2018,0.439
Happ, Ian,664023,2018,0.761
Lowe, Brandon,664040,2018,0.774
Bader, Harrison,664056,2018,0.756
Stevenson, Andrew,664057,2018,0.626
Fletcher, David,664058,2018,0.679
Kingery, Scott,664068,2018,0.605
Trahan, Blake,664167,2018,0.428
Lucchesi, Joey,664192,2018,0.213
Straw, Myles,664702,2018,1.067
Soto, Juan,665742,2018,0.923
García, Adolis,666969,2018,0.294
Gurriel , Lourdes,666971,2018,0.755
Richards, Trevor,670950,2018,0.159
Pujols, Albert,405395,2019,0.735
Cabrera, Miguel,408234,2019,0.744
Mathis, Jeff,425772,2019,0.433
Choo, Shin-Soo,425783,2019,0.826
Rivera, René,425784,2019,0.762
Wainwright, Adam,425794,2019,0.409
Greinke, Zack,425844,2019,0.888
Molina, Yadier,425877,2019,0.711
Canó, Robinson,429664,2019,0.735
Encarnación, Edwin,429665,2019,0.875
Hamels, Cole,430935,2019,0.345
Jones, Adam,430945,2019,0.727
Martin, Russell,431145,2019,0.667
Granderson, Curtis,434158,2019,0.637
Davis, Rajai,434658,2019,0.631
Ramirez, Hanley,434670,2019,0.625
Sánchez, Aníbal,434671,2019,0.23
Morales, Kendrys,434778,2019,0.566
Kendrick , Howie,435062,2019,0.967
Wilson, Bobby,435064,2019,0.244
Kinsler, Ian,435079,2019,0.646
McCann, Brian,435263,2019,0.735
Walker, Neil,435522,2019,0.739
Suzuki, Kurt,435559,2019,0.81
Desmond, Ian,435622,2019,0.789
Cruz , Nelson,443558,2019,1.031
Trumbo, Mark,444432,2019,0.502
Peralta, David,444482,2019,0.804
Piña, Manny,444489,2019,0.724
Jay, Jon,445055,2019,0.626
Prado, Martín,445988,2019,0.559
Duda, Lucas,446263,2019,0.576
Wieters, Matt,446308,2019,0.703
Longoria, Evan,446334,2019,0.762
Cozart, Zack,446359,2019,0.322
Rodríguez, Sean,446481,2019,0.723
Hill, Rich,448179,2019,0.433
Reynolds, Mark,448602,2019,0.601
Davis, Chris,448801,2019,0.602
Vargas, Jason,450306,2019,0.15
Zobrist, Ben,450314,2019,0.671
Fowler, Dexter,451594,2019,0.755
Flowers, Tyler,452095,2019,0.732
Pence, Hunter,452254,2019,0.91
Lester, Jon,452657,2019,0.556
Cabrera, Asdrúbal,452678,2019,0.783
Tulowitzki, Troy,453064,2019,0.853
Scherzer, Max,453286,2019,0.364
Arrieta, Jake,453562,2019,0.352
Blackmon, Charlie,453568,2019,0.94
Frazier, Todd,453943,2019,0.772
Iannetta, Chris,455104,2019,0.728
Maldonado, Martín,455117,2019,0.671
Chirinos, Robinson,455139,2019,0.79
Markakis, Nick,455976,2019,0.776
Pedroia, Dustin,456030,2019,0.243
Castillo, Welington,456078,2019,0.684
Kratz, Erik,456124,2019,0.374
Núñez, Eduardo,456488,2019,0.548
Pearce, Steve,456665,2019,0.503
Cain, Lorenzo,456715,2019,0.697
Solano, Donovan,456781,2019,0.816
McCutchen, Andrew,457705,2019,0.835
Upton, Justin,457708,2019,0.725
Maybin, Cameron,457727,2019,0.858
Turner, Justin,457759,2019,0.881
Posey , Buster,457763,2019,0.688
Bruce, Jay,457803,2019,0.784
Votto, Joey,458015,2019,0.768
Gardner, Brett,458731,2019,0.828
Joyce, Matt,459964,2019,0.858
Hundley, Nick,460026,2019,0.59
Braun, Ryan,460075,2019,0.848
Butera, Drew,460077,2019,0.462
Gordon, Alex,460086,2019,0.741
Gómez, Carlos,460576,2019,0.615
Kemp, Matt,461314,2019,0.493
Gonzalez, Gio,461829,2019,0.117
Andrus, Elvis,462101,2019,0.706
Cervelli, Francisco,465041,2019,0.65
Cabrera, Melky,466320,2019,0.712
Sandoval, Pablo,467055,2019,0.82
Ramos, Wilson,467092,2019,0.767
Santana, Carlos,467793,2019,0.912
Parra, Gerardo,467827,2019,0.684
Chacín, Jhoulys,468504,2019,0.41
González, Carlos,471865,2019,0.572
Mercer, Jordy,474568,2019,0.748
Belt, Brandon,474832,2019,0.742
Alonso, Yonder,475174,2019,0.642
Flaherty, Ryan,475247,2019,0.381
Smoak, Justin,475253,2019,0.748
Zimmerman, Ryan,475582,2019,0.736
Hellickson, Jeremy,476451,2019,0.384
Kershaw, Clayton,477132,2019,0.242
Avila, Alex,488671,2019,0.774
Bourjos, Peter,488721,2019,0.223
Brantley , Michael,488726,2019,0.875
Castro, Jason,488771,2019,0.767
Morrison, Logan,489149,2019,0.663
Hernández, Gorkys,491676,2019,0.463
Sucre, Jesús,491696,2019,0.511
Graterol, Juan,492802,2019,0.444
Gurriel, Yuli,493329,2019,0.884
Beckham, Gordon,493596,2019,0.643
Rodríguez, Ronny,500135,2019,0.69
Solarte, Yangervis,500208,2019,0.562
Rojas, Miguel,500743,2019,0.71
Quintana, Jose,500779,2019,0.204
Escobar, Eduardo,500871,2019,0.831
Martínez, José,500874,2019,0.75
Adrianza, Ehire,501303,2019,0.765
Lagares, Juan,501571,2019,0.605
Almonte, Abraham,501659,2019,0.969
Freese, David,501896,2019,1.002
Davis, Khris,501981,2019,0.68
Minor, Mike,501985,2019,0
Archer, Chris,502042,2019,0.298
Pham, Tommy,502054,2019,0.819
Martinez, J.D.,502110,2019,0.94
Negrón, Kristopher,502117,2019,0.631
Samardzija, Jeff,502188,2019,0.28
Leake, Mike,502190,2019,0.139
Reddick, Josh,502210,2019,0.728
Freeman, Mike,502273,2019,0.752
Dyson, Jarrod,502481,2019,0.633
Murphy, Daniel,502517,2019,0.78
Gale, Rocky,502570,2019,0.266
Anderson, Chase,502624,2019,0.268
Goldschmidt, Paul,502671,2019,0.822
Holland, Derek,502706,2019,0.204
Gonzalez, Marwin,503556,2019,0.736
Darvish, Yu,506433,2019,0.208
León, Sandy,506702,2019,0.548
Sanchez, Adrián,506703,2019,0.476
Altuve, Jose,514888,2019,0.903
Hernández, César,514917,2019,0.741
Segura, Jean,516416,2019,0.743
Castro, Starlin,516770,2019,0.736
Marte, Starling,516782,2019,0.845
Pirela, José,517369,2019,0.614
Bettis, Chad,518452,2019,0.286
Bumgarner, Madison,518516,2019,0.458
Centeno, Juan,518542,2019,0.411
Culberson, Charlie,518586,2019,0.731
d'Arnaud, Travis,518595,2019,0.745
Descalso, Daniel,518614,2019,0.521
Dietrich, Derek,518618,2019,0.79
Donaldson, Josh,518626,2019,0.9
Elmore, Jake,518653,2019,0.479
Freeman, Freddie,518692,2019,0.938
Grandal, Yasmani,518735,2019,0.848
Heyward, Jason,518792,2019,0.772
Kelly, Merrill,518876,2019,0.075
LeMahieu, DJ,518934,2019,0.893
Lucroy, Jonathan,518960,2019,0.66
Moreland, Mitch,519048,2019,0.835
Moustakas, Mike,519058,2019,0.845
Pomeranz, Drew,519141,2019,0
Rizzo, Anthony,519203,2019,0.925
Romine, Austin,519222,2019,0.749
Sogard, Eric,519299,2019,0.81
Stanton, Giancarlo,519317,2019,0.895
Thames, Eric,519346,2019,0.851
Vogt, Stephen,519390,2019,0.804
Galvis, Freddy,520471,2019,0.734
Forsythe, Logan,523253,2019,0.678
Flores, Wilmer,527038,2019,0.848
Puello, César,527049,2019,0.74
Teheran, Julio,527054,2019,0.234
LaMarre, Ryan,534606,2019,0.786
Tovar, Wilfredo,541600,2019,0.492
García, Avisaíl,541645,2019,0.796
Pérez, Hernán,541650,2019,0.641
Inciarte, Ender,542255,2019,0.74
Ozuna, Marcell,542303,2019,0.8
Villar, Jonathan,542340,2019,0.792
Ortega, Rafael,542364,2019,0.578
Adames, Cristhian,542436,2019,0.739
Santana, Danny,542454,2019,0.858
Aguilar, Jesús,542583,2019,0.714
Beckham, Tim,542921,2019,0.754
Berti, Jon,542932,2019,0.754
Broxton, Keon,542979,2019,0.517
Chatwood, Tyler,543022,2019,0.489
Crawford, Brandon,543063,2019,0.654
Cron, C.J.,543068,2019,0.78
Davis, Taylor,543089,2019,0.583
DeSclafani, Anthony,543101,2019,0.218
Dickerson, Alex,543105,2019,0.821
Federowicz, Tim,543148,2019,0.559
Galloway, Isaac,543194,2019,0.352
Gomes, Yan,543228,2019,0.705
Gray, Sonny,543243,2019,0.384
Grossman, Robbie,543257,2019,0.682
Harrison, Josh,543281,2019,0.481
Hendricks, Kyle,543294,2019,0.36
Herrmann, Chris,543302,2019,0.554
Hicks, Aaron,543305,2019,0.768
Hicks, John,543308,2019,0.619
Higashioka, Kyle,543309,2019,0.675
Hosmer, Eric,543333,2019,0.735
Joseph, Caleb,543376,2019,0.513
Joseph, Corban,543377,2019,0.441
Kipnis, Jason,543401,2019,0.714
Lavarnway, Ryan,543432,2019,1.038
Lyles, Jordan,543475,2019,0.217
Mahtook, Mikie,543484,2019,0.08
McCann, James,543510,2019,0.788
Melville, Tim,543532,2019,0.5
Miller, Brad,543543,2019,0.894
Nola, Austin,543592,2019,0.796
Rendon, Anthony,543685,2019,1.01
Roark, Tanner,543699,2019,0.425
Semien, Marcus,543760,2019,0.891
Shaw, Travis,543768,2019,0.551
Shuck, JB,543776,2019,0.594
Springer , George,543807,2019,0.974
Strange-Gordon, Dee,543829,2019,0.663
Vázquez, Christian,543877,2019,0.797
Wong, Kolten,543939,2019,0.784
Gregorius, Didi,544369,2019,0.717
Garcia, Leury,544725,2019,0.688
Strasburg, Stephen,544931,2019,0.422
Vargas, Ildemaro,545121,2019,0.712
Bauer, Trevor,545333,2019,0.396
Grichuk, Randal,545341,2019,0.737
Marisnick, Jake,545350,2019,0.7
Stassi, Max,545358,2019,0.378
Trout, Mike,545361,2019,1.083
Herrera, Odúbel,546318,2019,0.629
Alford, Anthony,546990,2019,0.519
Almora , Albert,546991,2019,0.652
Ruiz, Rio,547004,2019,0.682
Delmonico, Nicky,547170,2019,0.551
Wolters, Tony,547172,2019,0.666
Lorenzen, Michael,547179,2019,0.596
Harper, Bryce,547180,2019,0.882
Pérez, Roberto,547379,2019,0.773
Ryu, Hyun Jin,547943,2019,0.453
Martin, Leonys,547982,2019,0.619
Abreu, José,547989,2019,0.833
Stripling, Ross,548389,2019,0.377
Díaz, Elias,553869,2019,0.603
Narváez, Omar,553882,2019,0.813
Astudillo, Willians,553902,2019,0.678
Suárez, Eugenio,553993,2019,0.93
Wheeler, Zack,554430,2019,0.56
Polanco, Gregory,570256,2019,0.726
Santana, Domingo,570267,2019,0.77
González, Erik,570481,2019,0.618
Urshela, Gio,570482,2019,0.889
Sánchez, Yolmer,570560,2019,0.639
Ureña, José,570632,2019,0.05
Schoop, Jonathan,570731,2019,0.777
Adams, Matt,571431,2019,0.741
Altherr, Aaron,571437,2019,0.3
Arenado, Nolan,571448,2019,0.962
Barnhart, Tucker,571466,2019,0.708
Baron, Steven,571467,2019,0.5
Bour, Justin,571506,2019,0.623
Corbin, Patrick,571578,2019,0.24
Farmer, Kyle,571657,2019,0.689
Freitas, David,571679,2019,0.317
Gennett, Scooter,571697,2019,0.568
Goodwin, Brian,571718,2019,0.796
Hamilton, Billy,571740,2019,0.564
Haniger, Mitch,571745,2019,0.777
Hernández, Enrique,571771,2019,0.715
Holt, Brock,571788,2019,0.771
Lamb, Jake,571875,2019,0.676
Maile, Luke,571912,2019,0.44
Matz, Steven,571927,2019,0.509
Mikolas, Miles,571945,2019,0.289
Muncy, Max,571970,2019,0.889
Murphy, John Ryan,571974,2019,0.659
Myers, Wil,571976,2019,0.739
Naquin, Tyler,571980,2019,0.792
Owings, Chris,572008,2019,0.442
Phegley, Josh,572033,2019,0.693
Piscotty, Stephen,572039,2019,0.721
Pollock, AJ,572041,2019,0.795
Rickard, Joey,572073,2019,0.669
Seager, Kyle,572122,2019,0.789
Taylor, Michael A.,572191,2019,0.669
Voit , Luke,572228,2019,0.842
Walker, Christian,572233,2019,0.824
Zunino, Mike,572287,2019,0.544
Goins, Ryan,572365,2019,0.68
Carpenter, Matt,572761,2019,0.726
Dickerson, Corey,572816,2019,0.906
Dozier, Brian,572821,2019,0.77
Garneau, Dustin,572863,2019,0.757
Keuchel, Dallas,572971,2019,0.312
Saladino, Tyler,573135,2019,0.412
Stroman, Marcus,573186,2019,0.086
Yastrzemski, Mike,573262,2019,0.852
Contreras, Willson,575929,2019,0.888
Gyorko, Jedd,576397,2019,0.498
Iglesias, Jose,578428,2019,0.725
Hechavarría, Adeiny,588751,2019,0.742
Torreyes, Ronald,591720,2019,0.423
Osuna, José,591741,2019,0.766
Valera, Breyvic,591971,2019,0.691
Austin, Tyler,592122,2019,0.705
Bryant, Kris,592178,2019,0.903
Canha, Mark,592192,2019,0.913
Casali, Curt,592200,2019,0.742
Castellanos, Nick,592206,2019,0.862
Cowart, Kaleb,592230,2019,0.472
DeShields, Delino,592261,2019,0.672
Drury, Brandon,592273,2019,0.642
Foltynewicz, Mike,592314,2019,0.114
Gamel, Ben,592325,2019,0.71
Gausman, Kevin,592332,2019,0.074
González, Chi Chi,592346,2019,0.084
Goodrum, Niko,592348,2019,0.743
Gray, Jon,592351,2019,0.184
Healy, Ryon,592387,2019,0.745
Holaday, Bryan,592407,2019,0.779
Jones, JaCoby,592444,2019,0.74
Judge, Aaron,592450,2019,0.921
Machado, Manny,592518,2019,0.796
Moran, Colin,592567,2019,0.751
Parker, Jarrett,592620,2019,0.2
Pederson, Joc,592626,2019,0.877
Ravelo, Rangel,592660,2019,0.666
Ray, Robbie,592662,2019,0.146
Realmuto, J.T.,592663,2019,0.821
Renfroe, Hunter,592669,2019,0.778
Rivera, Yadiel,592680,2019,0.475
Rosario, Eddie,592696,2019,0.8
Simmons, Andrelton,592743,2019,0.673
Smith, Caleb,592761,2019,0.529
Smyly, Drew,592767,2019,0.05
Syndergaard, Noah,592789,2019,0.332
Taillon, Jameson,592791,2019,0.5
Velasquez, Vince,592826,2019,0.614
Wilkerson, Stevie,592859,2019,0.669
Williams, Mason,592863,2019,0.624
Williams, Trevor,592866,2019,0.378
Yelich, Christian,592885,2019,1.1
Merrifield, Whit,593160,2019,0.811
Bogaerts, Xander,593428,2019,0.939
Hernández, Marco,593523,2019,0.617
Bonifacio, Jorge,593528,2019,0.881
Alberto, Hanser,593643,2019,0.751
Brito, Sócrates,593647,2019,0.291
Hanson, Alen,593700,2019,0.392
Polanco, Jorge,593871,2019,0.841
Sanó, Miguel,593934,2019,0.922
Herrera, Rosell,594011,2019,0.602
Difo, Wilmer,594694,2019,0.628
Calhoun, Kole,594777,2019,0.792
deGrom, Jacob,594798,2019,0.569
Duvall, Adam,594807,2019,0.882
Eaton, Adam,594809,2019,0.793
Garcia, Greg,594824,2019,0.718
Gosselin, Phil,594838,2019,0.602
Palka, Daniel,594953,2019,0.373
Ponce de Leon, Daniel,594965,2019,0.1
Schebler, Scott,594988,2019,0.475
Eickhoff, Jerad,595191,2019,0.067
Gerber, Mike,595222,2019,0.198
Kiermaier, Kevin,595281,2019,0.676
Knapp, Andrew,595284,2019,0.642
Riddle, JT,595375,2019,0.601
Wallach, Chad,595453,2019,0.708
Alfaro, Jorge,595751,2019,0.737
Profar, Jurickson,595777,2019,0.711
Báez, Javier,595879,2019,0.847
Beede, Tyler,595881,2019,0.276
Bird, Greg,595885,2019,0.55
Cave, Jake,595909,2019,0.806
Gallagher, Cam,595956,2019,0.677
Hedges, Austin,595978,2019,0.563
Heineman, Scott,595981,2019,0.679
Kramer, Kevin,596012,2019,0.45
Lindor, Francisco,596019,2019,0.853
Odor, Rougned,596059,2019,0.722
Slater, Austin,596103,2019,0.75
Smith , Dwight,596105,2019,0.709
Story, Trevor,596115,2019,0.917
Stubbs, Garrett,596117,2019,0.568
Swihart, Blake,596119,2019,0.526
Vogelbach, Daniel,596129,2019,0.78
Weaver, Luke,596133,2019,0.363
Sánchez, Gary,596142,2019,0.841
Cuthbert, Cheslor,596144,2019,0.673
Kepler, Max,596146,2019,0.855
Quinn, Roman,596451,2019,0.668
Franco, Maikel,596748,2019,0.706
García, Robel,596825,2019,0.775
Choi, Ji Man,596847,2019,0.822
Bradley , Jackie,598265,2019,0.738
O'Brien, Peter,598284,2019,0.517
La Stella, Tommy,600303,2019,0.832
Read, Raudy,600466,2019,0.182
Severino, Pedro,600474,2019,0.741
Núñez, Renato,600524,2019,0.771
Arteaga, Humberto,600858,2019,0.488
Candelario, Jeimer,600869,2019,0.643
Pivetta, Nick,601713,2019,0.195
Daza, Yonathan,602074,2019,0.494
Rondon, José,602922,2019,0.543
Ahmed, Nick,605113,2019,0.753
Anderson, Brian,605119,2019,0.81
Barnes, Austin,605131,2019,0.633
Bell, Josh,605137,2019,0.936
Betts, Mookie,605141,2019,0.915
Caratini, Victor,605170,2019,0.795
Cron, Kevin,605196,2019,0.79
Davies, Zach,605200,2019,0.362
Davis, J.D.,605204,2019,0.896
Fisher, Derek,605233,2019,0.657
Garcia, Aramis,605244,2019,0.527
Gore, Terrance,605253,2019,0.715
Houser, Adrian,605288,2019,0.216
Martini, Nick,605361,2019,0.653
Musgrove, Joe,605397,2019,0.424
Nola, Aaron,605400,2019,0.353
Panik, Joe,605412,2019,0.651
Pérez, Michael,605421,2019,0.671
Rodríguez, Dereck,605446,2019,0.344
Ross, Joe,605452,2019,0.255
Skole, Matt,605474,2019,0.511
Smith, Mallex,605480,2019,0.635
Spangenberg, Cory,605486,2019,0.635
Starling, Bubba,605490,2019,0.572
Tilson, Charlie,605508,2019,0.578
Woodruff, Brandon,605540,2019,0.639
Zimmer, Bradley,605548,2019,0.071
Castro, Harold,605612,2019,0.689
Arcia, Orlando,606115,2019,0.633
Tapia, Raimel,606132,2019,0.724
Aquino, Aristides,606157,2019,0.892
Hernández, Teoscar,606192,2019,0.778
Peraza, José,606299,2019,0.631
Marte, Ketel,606466,2019,0.981
Court, Ryan,606956,2019,0.615
Greiner, Grayson,606988,2019,0.559
Haase, Eric,606992,2019,0.368
Nimmo, Brandon,607043,2019,0.782
Peterson, Jace,607054,2019,0.599
Fedde, Erick,607200,2019,0.266
Turner, Trea,607208,2019,0.85
Reed, AJ,607223,2019,0.409
Taylor, Beau,607333,2019,0.7
Smith, Kevan,607345,2019,0.711
Beaty, Matt,607461,2019,0.775
Blandino, Alex,607468,2019,0.781
Freeland, Kyle,607536,2019,0.279
Pillar, Kevin,607680,2019,0.719
Stallings, Jacob,607732,2019,0.707
Travis, Sam,607752,2019,0.656
Williamson, Mac,607776,2019,0.508
Ramírez, José,608070,2019,0.806
Bregman, Alex,608324,2019,1.015
Fried, Max,608331,2019,0.53
Gallo, Joey,608336,2019,0.987
Green, Zach,608339,2019,0.464
Kelly, Carson,608348,2019,0.826
Russell, Addison,608365,2019,0.699
Seager, Corey,608369,2019,0.818
Wacha, Michael,608379,2019,0.361
Williams, Nick,608384,2019,0.441
Winker, Jesse,608385,2019,0.83
Lugo, Dawel,608475,2019,0.652
Márquez, Germán,608566,2019,0.583
Mazara, Nomar,608577,2019,0.787
Murphy, Tom,608596,2019,0.859
Guzmán, Ronald,608597,2019,0.722
Jankowski, Travis,608671,2019,0.432
Mayfield, Jack,608686,2019,0.497
Plawecki, Kevin,608700,2019,0.629
Stamets, Eric,608715,2019,0.222
Voth, Austin,608723,2019,0.222
Mondesi, Adalberto,609275,2019,0.715
Andujar, Miguel,609280,2019,0.271
Cordero, Franchy,614173,2019,0.85
Reyes, Franmil,614177,2019,0.822
Quantrill, Cal,615698,2019,0.195
Barreto, Franklin,620439,2019,0.401
Torrens, Luis,620443,2019,0.599
Urena, Richard,620446,2019,0.597
Robertson, Daniel,621002,2019,0.607
Lopes, Tim,621005,2019,0.719
Martin , Richie,621006,2019,0.582
Swanson, Dansby,621020,2019,0.747
Newman, Kevin,621028,2019,0.799
Taylor, Chris,621035,2019,0.795
Correa, Carlos,621043,2019,0.926
Eflin, Zach,621107,2019,0.34
Buehler, Walker,621111,2019,0.279
Mills, Alec,621219,2019,0.166
Dahl, David,621311,2019,0.877
Strahm, Matt,621381,2019,0.729
Phillips, Brett,621433,2019,0.509
Taylor, Tyrone,621438,2019,1.1
Buxton, Byron,621439,2019,0.827
Brinson, Lewis,621446,2019,0.457
Bolt, Skye,621450,2019,0.382
Duggar, Steven,621453,2019,0.619
Rios, Edwin,621458,2019,1.01
Stewart, DJ,621466,2019,0.698
Ward, Taylor,621493,2019,0.625
Nido, Tomás,621512,2019,0.547
Stewart, Christin,621514,2019,0.693
Bemboom, Anthony,621532,2019,0.349
Wisdom, Patrick,621550,2019,0.377
Moroff, Max,621559,2019,0.426
Wendle, Joey,621563,2019,0.633
Olson, Matt,621566,2019,0.896
Dean, Austin,621573,2019,0.665
Shaw, Chris,622046,2019,0.206
Young, Alex,622065,2019,0.08
Wood, Alex,622072,2019,0.444
Duffy, Matt,622110,2019,0.67
Muñoz, Yairo,622168,2019,0.653
Walton, Donovan,622268,2019,0.504
Castillo, Luis,622491,2019,0.21
Margot, Manuel,622534,2019,0.691
Reyes, Pablo,622569,2019,0.596
Senzatela, Antonio,622608,2019,0.074
Camargo, Johan,622666,2019,0.663
Reyes, Victor,622682,2019,0.767
Hernández, Elieser,622694,2019,0.153
Heineman, Tyler,623168,2019,0.909
Mejias-Brean, Seth,623180,2019,0.803
Velazquez, Andrew,623205,2019,0.299
Bishop, Braden,623323,2019,0.26
Bote, David,623520,2019,0.784
Ramírez, Harold,623912,2019,0.728
Santander, Anthony,623993,2019,0.773
Lin, Tzu-Wei,624407,2019,0.573
Alonso, Pete,624413,2019,0.941
Arroyo, Christian,624414,2019,0.684
Biggio, Cavan,624415,2019,0.793
Conforto, Michael,624424,2019,0.857
Frazier, Adam,624428,2019,0.753
Trevino, Jose,624431,2019,0.655
McGuire, Reese,624512,2019,0.872
Nuñez, Dom,624513,2019,0.643
Puig, Yasiel,624577,2019,0.785
Soler, Jorge,624585,2019,0.923
Sosa, Edmundo,624641,2019,0.65
Mejia, Erick,625510,2019,0.606
Maeda, Kenta,628317,2019,0.542
Heredia, Guillermo,628338,2019,0.669
Kang, Jung Ho,628356,2019,0.617
Urías, Julio,628711,2019,0.558
Ervin, Phillip,640447,2019,0.797
Frazier, Clint,640449,2019,0.806
Meadows, Austin,640457,2019,0.922
Mercado, Óscar,640458,2019,0.761
Peterson, Dustin,640460,2019,0.595
Pinder, Chad,640461,2019,0.706
López, Pablo,641154,2019,0.4
Anderson, Shaun,641312,2019,0.235
Anderson, Tim,641313,2019,0.865
Bauers, Jake,641343,2019,0.683
Bellinger, Cody,641355,2019,1.035
Calhoun, Willie,641432,2019,0.847
Collins, Zack,641470,2019,0.656
Cordell, Ryan,641477,2019,0.645
Crawford, J.P.,641487,2019,0.684
Davis, Jonathan,641505,2019,0.531
Demeritte, Travis,641513,2019,0.629
Dixon, Brandon,641525,2019,0.725
Dozier, Hunter,641531,2019,0.87
Engel, Adam,641553,2019,0.687
Fraley, Jake,641584,2019,0.371
Garver, Mitch,641598,2019,0.995
Guillorme, Luis,641645,2019,0.685
Hampson, Garrett,641658,2019,0.687
Hermosillo, Michael,641684,2019,0.526
Hudson, Dakota,641712,2019,0.174
Keller, Brad,641745,2019,0.347
Lauer, Eric,641778,2019,0.272
Lewis, Kyle,641786,2019,0.885
Locastro, Tim,641796,2019,0.697
Mahle, Tyler,641816,2019,0.232
Mancini , Trey,641820,2019,0.899
Martin, Jason,641829,2019,0.631
McKinney, Billy,641856,2019,0.696
McMahon, Ryan,641857,2019,0.779
Miller, Ian,641878,2019,0.411
Neuse, Sheldon,641914,2019,0.599
O'Neill, Tyler,641933,2019,0.722
Sisco, Chance,642082,2019,0.728
Smith, Dominic,642086,2019,0.88
Tellez, Rowdy,642133,2019,0.742
Thaiss, Matt,642136,2019,0.715
Valaika, Pat,642162,2019,0.572
VanMeter, Josh,642165,2019,0.735
Wade, Tyler,642180,2019,0.692
Wong, Kean,642221,2019,0.334
Mejía, Francisco,642336,2019,0.754
Sierra, Magneuris,642423,2019,0.806
Peralta, Freddy,642547,2019,0.266
Agrazal, Dario,642607,2019,0.178
Rosario, Amed,642708,2019,0.755
Adames, Willy,642715,2019,0.735
Gutiérrez, Kelvin,642721,2019,0.66
Estrada, Thairo,642731,2019,0.732
Leyba, Domingo,642736,2019,0.807
Wynns, Austin,642851,2019,0.518
Benintendi, Andrew,643217,2019,0.774
Brault, Steven,643230,2019,0.778
Cooper, Garrett,643265,2019,0.79
Dubón, Mauricio,643289,2019,0.74
Godley, Zack,643327,2019,0.431
Jansen, Danny,643376,2019,0.639
Kemp, Tony,643393,2019,0.671
Kiner-Falefa, Isiah,643396,2019,0.621
Long , Shed,643418,2019,0.787
McBroom, Ryan,643436,2019,0.721
McNeil, Jeff,643446,2019,0.915
Schwindel, Frank,643524,2019,0.134
Tauchman, Mike,643565,2019,0.865
White, Tyler,643603,2019,0.612
Chang, Yu,644374,2019,0.56
Alcantara, Sandy,645261,2019,0.22
Albies, Ozzie,645277,2019,0.852
Robles, Victor,645302,2019,0.745
Ford, Mike,645801,2019,0.909
Devers, Rafael,646240,2019,0.916
Naylor, Josh,647304,2019,0.718
Soroka, Michael,647336,2019,0.22
Toro, Abraham,647351,2019,0.688
Díaz, Aledmys,649557,2019,0.823
Urías, Luis,649966,2019,0.655
Arraez, Luis,650333,2019,0.838
Jiménez, Eloy,650391,2019,0.828
Torres, Gleyber,650402,2019,0.872
Castro, Willi,650489,2019,0.624
Díaz, Yandy,650490,2019,0.816
Viloria, Meibrys,650619,2019,0.545
Rengifo, Luis,650859,2019,0.685
Allen, Greg,656185,2019,0.636
Bradley, Bobby,656252,2019,0.601
Chapman, Matt,656305,2019,0.848
Chavis, Michael,656308,2019,0.766
Díaz, Isan,656371,2019,0.566
Flaherty, Jack,656427,2019,0.452
Haseley, Adam,656514,2019,0.72
Hilliard, Sam,656541,2019,1.005
Hoffman, Jeff,656546,2019,0.476
Hoskins, Rhys,656555,2019,0.818
Jackson, Alex,656577,2019,0.133
Joe, Connor,656582,2019,0.192
Keller, Mitch,656605,2019,0
Luplow, Jordan,656669,2019,0.923
McKay, Brendan,656713,2019,0.773
Mullins , Cedric,656775,2019,0.337
O'Hearn, Ryan,656811,2019,0.65
Schwarber, Kyle,656941,2019,0.87
Thomas, Lane,657041,2019,1.093
Toussaint, Touki,657053,2019,0
Tucker, Cole,657061,2019,0.627
Verdugo, Alex,657077,2019,0.817
Yamamoto, Jordan,657141,2019,0.139
Zagunis, Mark,657145,2019,0.658
Webb, Logan,657277,2019,0.311
O'Grady, Brian,657434,2019,0.721
DeJong, Paul,657557,2019,0.762
Laureano, Ramón,657656,2019,0.861
Fuentes, Joshua,658069,2019,0.632
Lamet, Dinelson,659275,2019,0.286
Moncada, Yoán,660162,2019,0.915
Ohtani, Shohei,660271,2019,0.848
Acuña , Ronald,660670,2019,0.883
Hoerner, Nico,663538,2019,0.741
Lambert, Peter,663567,2019,0.708
Riley, Austin,663586,2019,0.75
Tucker, Kyle,663656,2019,0.856
Grisham, Trent,663757,2019,0.738
Rodgers, Brendan,663898,2019,0.522
Paddack, Chris,663978,2019,0.238
Lowe, Nathaniel,663993,2019,0.779
Happ, Ian,664023,2019,0.897
France, Ty,664034,2019,0.696
Lowe, Brandon,664040,2019,0.85
Davis, Jaylin,664041,2019,0.493
Bader, Harrison,664056,2019,0.68
Stevenson, Andrew,664057,2019,0.953
Fletcher, David,664058,2019,0.734
Gonsolin, Tony,664062,2019,0.616
Kingery, Scott,664068,2019,0.789
Allen, Austin,664119,2019,0.559
Lucchesi, Joey,664192,2019,0.145
Clarke, Taylor,664199,2019,0.625
Moore, Dylan,664238,2019,0.691
Garlick, Kyle,664247,2019,0.842
Straw, Myles,664702,2019,0.721
Wade , LaMonte,664774,2019,0.723
Zavala, Seby,664874,2019,0.166
Mendick, Danny,664901,2019,0.787
Brown, Seth,664913,2019,0.814
Dini, Nick,664926,2019,0.627
Walsh, Jared,665120,2019,0.605
Tatis , Fernando,665487,2019,0.969
Guerrero , Vladimir,665489,2019,0.772
Soto, Juan,665742,2019,0.949
Lux, Gavin,666158,2019,0.705
Bichette, Bo,666182,2019,0.929
Kieboom, Carter,666198,2019,0.491
Gurriel , Lourdes,666971,2019,0.868
Dugger, Robert,667498,2019,0
Arozarena, Randy,668227,2019,0.891
Rogers, Jake,668670,2019,0.481
Gallen, Zac,668678,2019,0.21
Knizner, Andrew,668800,2019,0.67
Reynolds, Bryan,668804,2019,0.88
Rojas, Josh,668942,2019,0.624
May, Dustin,669160,2019,0.182
Murphy, Sean,669221,2019,0.899
Senzel, Nick,669222,2019,0.742
Edman, Tommy,669242,2019,0.85
Solak, Nick,669256,2019,0.884
Smith, Will,669257,2019,0.908
Hiura, Keston,669374,2019,0.938
Hays, Austin,669720,2019,0.947
Noll, Jake,669738,2019,0.481
Lopez, Nicky,670032,2019,0.601
Alvarez, Yordan,670541,2019,1.067
Brosseau, Mike,670712,2019,0.781
Richards, Trevor,670950,2019,0.256
Margevicius, Nick,676606,2019,0.4
Pujols, Albert,405395,2020,0.665
Cabrera, Miguel,408234,2020,0.746
Mathis, Jeff,425772,2020,0.576
Choo, Shin-Soo,425783,2020,0.723
Molina, Yadier,425877,2020,0.662
Canó, Robinson,429664,2020,0.896
Encarnación, Edwin,429665,2020,0.627
Kendrick , Howie,435062,2020,0.705
Walker, Neil,435522,2020,0.552
Suzuki, Kurt,435559,2020,0.745
Cruz , Nelson,443558,2020,0.992
Peralta, David,444482,2020,0.772
Piña, Manny,444489,2020,0.743
Jay, Jon,445055,2020,0.451
Wieters, Matt,446308,2020,0.529
Longoria, Evan,446334,2020,0.722
Rodríguez, Sean,446481,2020,0.308
Davis, Chris,448801,2020,0.337
Fowler, Dexter,451594,2020,0.706
Flowers, Tyler,452095,2020,0.673
Pence, Hunter,452254,2020,0.411
Cabrera, Asdrúbal,452678,2020,0.752
Blackmon, Charlie,453568,2020,0.804
Frazier, Todd,453943,2020,0.684
Maldonado, Martín,455117,2020,0.728
Chirinos, Robinson,455139,2020,0.475
Markakis, Nick,455976,2020,0.704
Kratz, Erik,456124,2020,0.76
Cain, Lorenzo,456715,2020,0.818
Solano, Donovan,456781,2020,0.828
McCutchen, Andrew,457705,2020,0.757
Upton, Justin,457708,2020,0.711
Maybin, Cameron,457727,2020,0.694
Turner, Justin,457759,2020,0.86
Bruce, Jay,457803,2020,0.721
Votto, Joey,458015,2020,0.8
Gardner, Brett,458731,2020,0.746
Joyce, Matt,459964,2020,0.682
Braun, Ryan,460075,2020,0.769
Butera, Drew,460077,2020,0.395
Gordon, Alex,460086,2020,0.606
Kemp, Matt,461314,2020,0.745
Andrus, Elvis,462101,2020,0.582
Cervelli, Francisco,465041,2020,0.808
Sandoval, Pablo,467055,2020,0.549
Ramos, Wilson,467092,2020,0.684
Santana, Carlos,467793,2020,0.699
Mercer, Jordy,474568,2020,0.473
Belt, Brandon,474832,2020,1.016
Smoak, Justin,475253,2020,0.611
Avila, Alex,488671,2020,0.641
Brantley , Michael,488726,2020,0.84
Castro, Jason,488771,2020,0.668
Morrison, Logan,489149,2020,0.494
Cespedes, Yoenis,493316,2020,0.622
Gurriel, Yuli,493329,2020,0.658
Rojas, Miguel,500743,2020,0.888
Escobar, Eduardo,500871,2020,0.605
Martínez, José,500874,2020,0.56
Adrianza, Ehire,501303,2020,0.557
Almonte, Abraham,501659,2020,0.322
Davis, Khris,501981,2020,0.632
Pham, Tommy,502054,2020,0.624
Martinez, J.D.,502110,2020,0.68
Reddick, Josh,502210,2020,0.694
Freeman, Mike,502273,2020,0.618
Dyson, Jarrod,502481,2020,0.411
Murphy, Daniel,502517,2020,0.608
Goldschmidt, Paul,502671,2020,0.883
Gonzalez, Marwin,503556,2020,0.606
León, Sandy,506702,2020,0.538
Altuve, Jose,514888,2020,0.63
Hernández, César,514917,2020,0.763
Segura, Jean,516416,2020,0.769
Castro, Starlin,516770,2020,0.752
Marte, Starling,516782,2020,0.77
Colón, Christian,518568,2020,0.341
d'Arnaud, Travis,518595,2020,0.919
Dietrich, Derek,518618,2020,0.806
Donaldson, Josh,518626,2020,0.842
Freeman, Freddie,518692,2020,1.102
Grandal, Yasmani,518735,2020,0.773
Heyward, Jason,518792,2020,0.848
LeMahieu, DJ,518934,2020,1.011
Moreland, Mitch,519048,2020,0.893
Moustakas, Mike,519058,2020,0.799
Rizzo, Anthony,519203,2020,0.756
Romine, Austin,519222,2020,0.582
Sogard, Eric,519299,2020,0.559
Souza , Steven,519306,2020,0.591
Stanton, Giancarlo,519317,2020,0.887
Thames, Eric,519346,2020,0.617
Vogt, Stephen,519390,2020,0.525
Galvis, Freddy,520471,2020,0.712
Perez, Salvador,521692,2020,0.986
Forsythe, Logan,523253,2020,0.446
Flores, Wilmer,527038,2020,0.83
Puello, César,527049,2020,0.875
García, Avisaíl,541645,2020,0.659
Inciarte, Ender,542255,2020,0.512
Ozuna, Marcell,542303,2020,1.067
Villar, Jonathan,542340,2020,0.593
Santana, Danny,542454,2020,0.511
Aguilar, Jesús,542583,2020,0.809
Berti, Jon,542932,2020,0.738
Crawford, Brandon,543063,2020,0.791
Cron, C.J.,543068,2020,0.894
Dickerson, Alex,543105,2020,0.947
Gomes, Yan,543228,2020,0.787
Grossman, Robbie,543257,2020,0.826
Harrison, Josh,543281,2020,0.77
Hicks, Aaron,543305,2020,0.793
Higashioka, Kyle,543309,2020,0.771
Hosmer, Eric,543333,2020,0.85
Kipnis, Jason,543401,2020,0.745
Lavarnway, Ryan,543432,2020,0.728
McCann, James,543510,2020,0.896
Miller, Brad,543543,2020,0.808
Nola, Austin,543592,2020,0.825
Rendon, Anthony,543685,2020,0.915
Semien, Marcus,543760,2020,0.679
Shaw, Travis,543768,2020,0.717
Springer , George,543807,2020,0.899
Strange-Gordon, Dee,543829,2020,0.481
Vázquez, Christian,543877,2020,0.801
Wong, Kolten,543939,2020,0.676
Gregorius, Didi,544369,2020,0.827
Garcia, Leury,544725,2020,0.758
Vargas, Ildemaro,545121,2020,0.536
Grichuk, Randal,545341,2020,0.793
Marisnick, Jake,545350,2020,0.959
Stassi, Max,545358,2020,0.885
Trout, Mike,545361,2020,0.993
Alford, Anthony,546990,2020,0.741
Almora , Albert,546991,2020,0.465
Ruiz, Rio,547004,2020,0.713
Delmonico, Nicky,547170,2020,0.377
Wolters, Tony,547172,2020,0.55
Harper, Bryce,547180,2020,0.962
Pérez, Roberto,547379,2020,0.48
Abreu, José,547989,2020,0.987
Díaz, Elias,553869,2020,0.641
Narváez, Omar,553882,2020,0.563
Astudillo, Willians,553902,2020,0.75
Suárez, Eugenio,553993,2020,0.782
Polanco, Gregory,570256,2020,0.539
Santana, Domingo,570267,2020,0.584
González, Erik,570481,2020,0.614
Urshela, Gio,570482,2020,0.858
Sánchez, Yolmer,570560,2020,1.164
Schoop, Jonathan,570731,2020,0.799
Adams, Matt,571431,2020,0.563
Arenado, Nolan,571448,2020,0.737
Barnhart, Tucker,571466,2020,0.679
Davidson, Matt,571602,2020,0.629
Farmer, Kyle,571657,2020,0.642
Goodwin, Brian,571718,2020,0.716
Hamilton, Billy,571740,2020,0.39
Hernández, Enrique,571771,2020,0.68
Holt, Brock,571788,2020,0.557
Lamb, Jake,571875,2020,0.635
Muncy, Max,571970,2020,0.72
Murphy, John Ryan,571974,2020,0.433
Myers, Wil,571976,2020,0.959
Naquin, Tyler,571980,2020,0.631
Owings, Chris,572008,2020,0.757
Phegley, Josh,572033,2020,0.417
Piscotty, Stephen,572039,2020,0.629
Pollock, AJ,572041,2020,0.88
Seager, Kyle,572122,2020,0.788
Taylor, Michael A.,572191,2020,0.677
Voit , Luke,572228,2020,0.948
Walker, Christian,572233,2020,0.792
Zunino, Mike,572287,2020,0.598
Goins, Ryan,572365,2020,0.1
Carpenter, Matt,572761,2020,0.639
Dickerson, Corey,572816,2020,0.713
Dozier, Brian,572821,2020,0.321
Garneau, Dustin,572863,2020,0.562
Ruf, Darin,573131,2020,0.887
Yastrzemski, Mike,573262,2020,0.968
Contreras, Willson,575929,2020,0.763
Gyorko, Jedd,576397,2020,0.837
Iglesias, Jose,578428,2020,0.956
Hechavarría, Adeiny,588751,2020,0.607
Osuna, José,591741,2020,0.641
Bryant, Kris,592178,2020,0.644
Canha, Mark,592192,2020,0.795
Casali, Curt,592200,2020,0.866
Castellanos, Nick,592206,2020,0.784
DeShields, Delino,592261,2020,0.628
Drury, Brandon,592273,2020,0.358
Gamel, Ben,592325,2020,0.719
Goodrum, Niko,592348,2020,0.598
Holaday, Bryan,592407,2020,0.406
Jones, JaCoby,592444,2020,0.848
Judge, Aaron,592450,2020,0.89
Machado, Manny,592518,2020,0.95
Marmolejos, José,592530,2020,0.672
Moran, Colin,592567,2020,0.797
Payton, Mark,592622,2020,0.472
Pederson, Joc,592626,2020,0.682
Ravelo, Rangel,592660,2020,0.53
Realmuto, J.T.,592663,2020,0.84
Renfroe, Hunter,592669,2020,0.645
Rosario, Eddie,592696,2020,0.792
Simmons, Andrelton,592743,2020,0.702
Williams, Mason,592863,2020,0.333
Yelich, Christian,592885,2020,0.786
Merrifield, Whit,593160,2020,0.765
Bogaerts, Xander,593428,2020,0.866
Bonifacio, Jorge,593528,2020,0.603
Alberto, Hanser,593643,2020,0.699
Polanco, Jorge,593871,2020,0.658
Sanó, Miguel,593934,2020,0.756
Difo, Wilmer,594694,2020,0.293
Calhoun, Kole,594777,2020,0.864
Duvall, Adam,594807,2020,0.833
Eaton, Adam,594809,2020,0.669
Garcia, Greg,594824,2020,0.529
Gosselin, Phil,594838,2020,0.726
Kiermaier, Kevin,595281,2020,0.683
Knapp, Andrew,595284,2020,0.848
Riddle, JT,595375,2020,0.398
Wallach, Chad,595453,2020,0.641
Alfaro, Jorge,595751,2020,0.624
Profar, Jurickson,595777,2020,0.771
Báez, Javier,595879,2020,0.598
Cave, Jake,595909,2020,0.674
Evans, Phillip,595943,2020,0.931
Gallagher, Cam,595956,2020,0.79
Hedges, Austin,595978,2020,0.521
Heineman, Scott,595981,2020,0.454
Lindor, Francisco,596019,2020,0.75
Odor, Rougned,596059,2020,0.622
Slater, Austin,596103,2020,0.914
Smith , Dwight,596105,2020,0.671
Story, Trevor,596115,2020,0.874
Stubbs, Garrett,596117,2020,0.236
Vogelbach, Daniel,596129,2020,0.722
Sánchez, Gary,596142,2020,0.618
Kepler, Max,596146,2020,0.76
Quinn, Roman,596451,2020,0.576
Franco, Maikel,596748,2020,0.778
Choi, Ji Man,596847,2020,0.741
Bradley , Jackie,598265,2020,0.814
La Stella, Tommy,600303,2020,0.819
Severino, Pedro,600474,2020,0.71
Núñez, Renato,600524,2020,0.816
Candelario, Jeimer,600869,2020,0.872
Urías, Ramón,602104,2020,0.967
Ahmed, Nick,605113,2020,0.729
Anderson, Brian,605119,2020,0.81
Barnes, Austin,605131,2020,0.667
Bell, Josh,605137,2020,0.669
Betts, Mookie,605141,2020,0.928
Caratini, Victor,605170,2020,0.661
Cron, Kevin,605196,2020,0.15
Davis, J.D.,605204,2020,0.76
Fisher, Derek,605233,2020,0.811
Machín, Vimael,605353,2020,0.534
Panik, Joe,605412,2020,0.64
Pérez, Michael,605421,2020,0.475
Smith, Mallex,605480,2020,0.348
Starling, Bubba,605490,2020,0.456
Zimmer, Bradley,605548,2020,0.603
Castro, Harold,605612,2020,0.836
Arcia, Orlando,606115,2020,0.733
Tapia, Raimel,606132,2020,0.771
Aquino, Aristides,606157,2020,0.623
Hernández, Teoscar,606192,2020,0.919
Peraza, José,606299,2020,0.617
Marte, Ketel,606466,2020,0.732
Greiner, Grayson,606988,2020,0.515
Haase, Eric,606992,2020,0.387
Nimmo, Brandon,607043,2020,0.888
Peterson, Jace,607054,2020,0.749
Turner, Trea,607208,2020,0.982
Taylor, Beau,607333,2020,0.178
Smith, Kevan,607345,2020,0.83
Beaty, Matt,607461,2020,0.638
Pillar, Kevin,607680,2020,0.798
Stallings, Jacob,607732,2020,0.702
Ramírez, José,608070,2020,0.993
Bregman, Alex,608324,2020,0.801
Gallo, Joey,608336,2020,0.679
Kelly, Carson,608348,2020,0.649
Seager, Corey,608369,2020,0.943
Winker, Jesse,608385,2020,0.932
Lugo, Dawel,608475,2020,0.473
Mazara, Nomar,608577,2020,0.589
Guzmán, Ronald,608597,2020,0.75
Jankowski, Travis,608671,2020,0.243
Mayfield, Jack,608686,2020,0.453
Plawecki, Kevin,608700,2020,0.856
Refsnyder, Rob,608701,2020,0.498
Reynolds, Matt,608703,2020,0
Mondesi, Adalberto,609275,2020,0.71
Andujar, Miguel,609280,2020,0.632
Cordero, Franchy,614173,2020,0.733
Reyes, Franmil,614177,2020,0.794
Barreto, Franklin,620439,2020,0.181
Torrens, Luis,620443,2020,0.696
Robertson, Daniel,621002,2020,0.75
Lopes, Tim,621005,2020,0.642
Schrock, Max,621011,2020,0.529
Swanson, Dansby,621020,2020,0.809
Newman, Kevin,621028,2020,0.557
Taylor, Chris,621035,2020,0.842
Correa, Carlos,621043,2020,0.709
Dahl, David,621311,2020,0.469
Phillips, Brett,621433,2020,0.697
Taylor, Tyrone,621438,2020,0.793
Buxton, Byron,621439,2020,0.844
Brinson, Lewis,621446,2020,0.636
Duggar, Steven,621453,2020,0.457
Rios, Edwin,621458,2020,0.946
Stewart, DJ,621466,2020,0.81
Ward, Taylor,621493,2020,0.716
Mathisen, Wyatt,621500,2020,0.808
Nido, Tomás,621512,2020,0.929
Stewart, Christin,621514,2020,0.524
Hudson, Joe,621529,2020,0.439
Bemboom, Anthony,621532,2020,0.745
Wendle, Joey,621563,2020,0.777
Olson, Matt,621566,2020,0.734
Jones, Taylor,622100,2020,0.608
Muñoz, Yairo,622168,2020,0.844
Walton, Donovan,622268,2020,0.445
Margot, Manuel,622534,2020,0.679
Camargo, Johan,622666,2020,0.611
Reyes, Victor,622682,2020,0.706
Mateo, Jorge,622761,2020,0.454
Heineman, Tyler,623168,2020,0.506
Velazquez, Andrew,623205,2020,0.48
Bishop, Braden,623323,2020,0.475
Bote, David,623520,2020,0.711
Ramírez, Harold,623912,2020,0.473
Santander, Anthony,623993,2020,0.89
Lin, Tzu-Wei,624407,2020,0.355
Alonso, Pete,624413,2020,0.816
Arroyo, Christian,624414,2020,0.736
Biggio, Cavan,624415,2020,0.807
Conforto, Michael,624424,2020,0.927
Frazier, Adam,624428,2020,0.661
Trevino, Jose,624431,2020,0.714
McGuire, Reese,624512,2020,0.219
Soler, Jorge,624585,2020,0.769
Mejia, Erick,625510,2020,0.214
Heredia, Guillermo,628338,2020,0.672
Hernandez, Yadiel,628450,2020,0.637
Cronenworth, Jake,630105,2020,0.831
Ervin, Phillip,640447,2020,0.481
Frazier, Clint,640449,2020,0.905
Meadows, Austin,640457,2020,0.667
Mercado, Óscar,640458,2020,0.348
Pinder, Chad,640461,2020,0.688
Anderson, Tim,641313,2020,0.886
Bellinger, Cody,641355,2020,0.788
Calhoun, Willie,641432,2020,0.491
Collins, Zack,641470,2020,0.292
Crawford, J.P.,641487,2020,0.674
Davis, Jonathan,641505,2020,0.808
Demeritte, Travis,641513,2020,0.48
Dixon, Brandon,641525,2020,0.297
Dozier, Hunter,641531,2020,0.736
Engel, Adam,641553,2020,0.81
Fraley, Jake,641584,2020,0.51
Garver, Mitch,641598,2020,0.511
Guillorme, Luis,641645,2020,0.865
Hampson, Garrett,641658,2020,0.67
Heim, Jonah,641680,2020,0.479
Hermosillo, Michael,641684,2020,0.55
Lewis, Kyle,641786,2020,0.801
Locastro, Tim,641796,2020,0.859
Martin, Jason,641829,2020,0.182
McMahon, Ryan,641857,2020,0.714
Nottingham, Jacob,641924,2020,0.736
Odom, Joseph,641929,2020,0.337
O'Neill, Tyler,641933,2020,0.621
Sisco, Chance,642082,2020,0.742
Smith, Dominic,642086,2020,0.993
Tellez, Rowdy,642133,2020,0.886
Thaiss, Matt,642136,2020,0.566
Valaika, Pat,642162,2020,0.79
VanMeter, Josh,642165,2020,0.485
Wade, Tyler,642180,2020,0.595
White, Eli,642201,2020,0.46
Mejía, Francisco,642336,2020,0.322
Sierra, Magneuris,642423,2020,0.697
Rosario, Amed,642708,2020,0.643
Adames, Willy,642715,2020,0.813
Gutiérrez, Kelvin,642721,2020,0.444
Alcántara, Sergio,642727,2020,0.598
Estrada, Thairo,642731,2020,0.46
Basabe, Luis Alexander,642772,2020,0.476
Benintendi, Andrew,643217,2020,0.442
Cooper, Garrett,643265,2020,0.853
Dubón, Mauricio,643289,2020,0.726
Jansen, Danny,643376,2020,0.671
Kemp, Tony,643393,2020,0.664
Kiner-Falefa, Isiah,643396,2020,0.699
Long , Shed,643418,2020,0.533
McBroom, Ryan,643436,2020,0.788
McNeil, Jeff,643446,2020,0.837
Tauchman, Mike,643565,2020,0.647
Chang, Yu,644374,2020,0.49
Tromp, Chadwick,644433,2020,0.645
Albies, Ozzie,645277,2020,0.772
Robles, Victor,645302,2020,0.608
Sánchez, Ali,645305,2020,0.311
Ford, Mike,645801,2020,0.496
Devers, Rafael,646240,2020,0.793
Naylor, Josh,647304,2020,0.621
Toro, Abraham,647351,2020,0.513
Díaz, Aledmys,649557,2020,0.737
Urías, Luis,649966,2020,0.602
Díaz, Lewin,650331,2020,0.4
Arraez, Luis,650333,2020,0.766
Jiménez, Eloy,650391,2020,0.891
Torres, Gleyber,650402,2020,0.724
Castro, Willi,650489,2020,0.931
Díaz, Yandy,650490,2020,0.814
Viloria, Meibrys,650619,2020,0.53
Rengifo, Luis,650859,2020,0.469
Allen, Greg,656185,2020,0.589
Chapman, Matt,656305,2020,0.811
Chavis, Michael,656308,2020,0.636
Díaz, Isan,656371,2020,0.364
Harrison, Monte,656509,2020,0.49
Haseley, Adam,656514,2020,0.69
Hill, Derek,656537,2020,0.258
Hilliard, Sam,656541,2020,0.71
Hoskins, Rhys,656555,2020,0.887
Luplow, Jordan,656669,2020,0.663
Mullins , Cedric,656775,2020,0.722
O'Hearn, Ryan,656811,2020,0.604
Schwarber, Kyle,656941,2020,0.701
Smith, Pavin,656976,2020,0.746
Thomas, Lane,657041,2020,0.45
Tucker, Cole,657061,2020,0.527
Verdugo, Alex,657077,2020,0.845
White, Evan,657108,2020,0.598
Alvarez, Eddy,657193,2020,0.484
DeJong, Paul,657557,2020,0.671
Laureano, Ramón,657656,2020,0.704
Fuentes, Joshua,658069,2020,0.759
Olivares, Edward,658668,2020,0.642
Moncada, Yoán,660162,2020,0.705
Ohtani, Shohei,660271,2020,0.657
Tsutsugo, Yoshi,660294,2020,0.709
Araúz, Jonathan,660620,2020,0.644
Acuña , Ronald,660670,2020,0.987
Tejeda, Anderson,660731,2020,0.726
Sánchez, Jesús,660821,2020,0.252
Contreras, William,661388,2020,0.9
Varsho, Daulton,662139,2020,0.653
McCarthy, Joe,663411,2020,0
Hoerner, Nico,663538,2020,0.571
Riley, Austin,663586,2020,0.716
Madrigal, Nick,663611,2020,0.745
Mountcastle, Ryan,663624,2020,0.878
Hayes, Ke'Bryan,663647,2020,1.124
Tucker, Kyle,663656,2020,0.837
Cameron, Daz,663662,2020,0.483
Bart, Joey,663698,2020,0.608
Grisham, Trent,663757,2020,0.808
Stephenson, Tyler,663886,2020,1.047
Rodgers, Brendan,663898,2020,0.238
Lowe, Nathaniel,663993,2020,0.749
Happ, Ian,664023,2020,0.866
Mathias, Mark,664029,2020,0.639
France, Ty,664034,2020,0.836
Lowe, Brandon,664040,2020,0.916
Davis, Jaylin,664041,2020,0.584
Bader, Harrison,664056,2020,0.779
Stevenson, Andrew,664057,2020,1.179
Fletcher, David,664058,2020,0.801
Haggerty, Sam,664059,2020,0.715
Kingery, Scott,664068,2020,0.511
Allen, Austin,664119,2020,0.542
Moore, Dylan,664238,2020,0.854
Garlick, Kyle,664247,2020,0.356
Straw, Myles,664702,2020,0.5
Bohm, Alec,664761,2020,0.881
Wade , LaMonte,664774,2020,0.626
Mendick, Danny,664901,2020,0.664
Walsh, Jared,665120,2020,0.97
Tatis , Fernando,665487,2020,0.937
Guerrero , Vladimir,665489,2020,0.791
Soto, Juan,665742,2020,1.185
Taveras, Leody,665750,2020,0.703
Chisholm , Jazz,665862,2020,0.563
Giménez, Andrés,665926,2020,0.731
Apostel, Sherten,665947,2020,0.293
Lux, Gavin,666158,2020,0.595
Moniak, Mickey,666160,2020,0.603
Adell, Jo,666176,2020,0.478
Bichette, Bo,666182,2020,0.84
Carlson, Dylan,666185,2020,0.616
Kieboom, Carter,666198,2020,0.556
Dalbec, Bobby,666915,2020,0.959
Oliva, Jared,666931,2020,0.376
Gurriel , Lourdes,666971,2020,0.882
Rooker , Brent,667670,2020,0.96
Arozarena, Randy,668227,2020,1.023
Knizner, Andrew,668800,2020,0.548
Reynolds, Bryan,668804,2020,0.632
Rojas, Josh,668942,2020,0.437
Huff, Sam,669087,2020,1.136
Murphy, Sean,669221,2020,0.821
Senzel, Nick,669222,2020,0.604
Edman, Tommy,669242,2020,0.685
Solak, Nick,669256,2020,0.67
Smith, Will,669257,2020,0.98
Johnson, Daniel,669288,2020,0.237
Espinal, Santiago,669289,2020,0.641
Hiura, Keston,669374,2020,0.707
Hays, Austin,669720,2020,0.721
Noll, Jake,669738,2020,0.765
Lopez, Nicky,670032,2020,0.552
Heath, Nick,670084,2020,0.544
Young, Andrew,670370,2020,0.767
Paredes, Isaac,670623,2020,0.568
Brosseau, Mike,670712,2020,0.936
Ona, Jorge,671250,2020,0.983
García, Luis,671277,2020,0.668
Kirk, Alejandro,672386,2020,0.983
Robert , Luis,673357,2020,0.738
Akiyama, Shogo,673451,2020,0.654
Barrero, Jose,676480,2020,0.4
Jeffers, Ryan,680777,2020,0.791
