last_name, first_name,player_id,year,r_total_stolen_base
Pujols, Albert,405395,2019,3
Cabrera, Miguel,408234,2019,0
Mathis, Jeff,425772,2019,1
Choo, Shin-Soo,425783,2019,15
Rivera, Rene,425784,2019,0
Wainwright, Adam,425794,2019,0
Greinke, Zack,425844,2019,1
Molina, Yadier,425877,2019,6
Canó, Robinson,429664,2019,0
Encarnacion, Edwin,429665,2019,0
Hamels, Cole,430935,2019,0
Jones, Adam,430945,2019,2
Martin, Russell,431145,2019,1
Granderson, Curtis,434158,2019,0
Davis, Rajai,434658,2019,0
Ramirez, Hanley,434670,2019,0
Sanchez, Anibal,434671,2019,0
Morales, Kendrys,434778,2019,0
Kendrick , Howie,435062,2019,2
Wilson, Bobby,435064,2019,0
Kinsler, Ian,435079,2019,2
McCann, Brian,435263,2019,0
Walker, Neil,435522,2019,3
Suzuki, Kurt,435559,2019,0
Desmond, Ian,435622,2019,3
Cruz, Nelson,443558,2019,0
Trumbo, Mark,444432,2019,0
Peralta, David,444482,2019,0
Pina, Manny,444489,2019,0
Jay, Jon,445055,2019,0
Prado, Martin,445988,2019,0
Duda, Lucas,446263,2019,0
Wieters, Matt,446308,2019,1
Longoria, Evan,446334,2019,3
Cozart, Zack,446359,2019,0
Rodriguez, Sean,446481,2019,1
Hill, Rich,448179,2019,0
Reynolds, Mark,448602,2019,2
Davis, Chris,448801,2019,0
Vargas, Jason,450306,2019,0
Zobrist, Ben,450314,2019,0
Fowler, Dexter,451594,2019,8
Flowers, Tyler,452095,2019,0
Pence, Hunter,452254,2019,6
Lester, Jon,452657,2019,0
Cabrera, Asdrúbal,452678,2019,4
Tulowitzki, Troy,453064,2019,0
Scherzer, Max,453286,2019,2
Arrieta, Jake,453562,2019,0
Blackmon, Charlie,453568,2019,2
Frazier, Todd,453943,2019,1
Iannetta, Chris,455104,2019,0
Maldonado, Martín,455117,2019,0
Chirinos, Robinson,455139,2019,1
Markakis, Nick,455976,2019,2
Pedroia, Dustin,456030,2019,0
Castillo, Welington,456078,2019,0
Kratz, Erik,456124,2019,0
Nunez, Eduardo,456488,2019,5
Pearce, Steve,456665,2019,0
Cain, Lorenzo,456715,2019,18
Solano, Donovan,456781,2019,0
McCutchen, Andrew,457705,2019,2
Upton, Justin,457708,2019,1
Maybin, Cameron,457727,2019,9
Turner, Justin,457759,2019,2
Posey , Buster,457763,2019,0
Bruce, Jay,457803,2019,1
Votto, Joey,458015,2019,5
Gardner, Brett,458731,2019,10
Joyce, Matt,459964,2019,0
Hundley, Nick,460026,2019,0
Braun, Ryan,460075,2019,11
Butera, Drew,460077,2019,0
Gordon, Alex,460086,2019,5
Gomez, Carlos,460576,2019,4
Kemp, Matt,461314,2019,0
Gonzalez, Gio,461829,2019,0
Andrus, Elvis,462101,2019,31
Cervelli, Francisco,465041,2019,1
Cabrera, Melky,466320,2019,2
Sandoval, Pablo,467055,2019,1
Ramos, Wilson,467092,2019,1
Santana, Carlos,467793,2019,4
Parra, Gerardo,467827,2019,8
Chacín, Jhoulys,468504,2019,0
Gonzalez, Carlos,471865,2019,0
Mercer, Jordy,474568,2019,0
Belt, Brandon,474832,2019,4
Alonso, Yonder,475174,2019,0
Flaherty, Ryan,475247,2019,0
Smoak, Justin,475253,2019,0
Zimmerman, Ryan,475582,2019,0
Hellickson, Jeremy,476451,2019,0
Kershaw, Clayton,477132,2019,0
Avila, Alex,488671,2019,1
Bourjos, Peter,488721,2019,2
Brantley , Michael,488726,2019,3
Castro, Jason,488771,2019,0
Morrison, Logan,489149,2019,0
Hernández, Gorkys,491676,2019,1
Sucre, Jesús,491696,2019,0
Graterol, Juan,492802,2019,0
Gurriel, Yuli,493329,2019,5
Beckham, Gordon,493596,2019,3
Rodríguez, Ronny,500135,2019,3
Solarte, Yangervis,500208,2019,0
Rojas, Miguel,500743,2019,9
Quintana, Jose,500779,2019,0
Escobar, Eduardo,500871,2019,5
Martínez, José,500874,2019,3
Adrianza, Ehire,501303,2019,0
Lagares, Juan,501571,2019,4
Almonte, Abraham,501659,2019,0
Freese, David,501896,2019,0
Davis, Khris,501981,2019,0
Minor, Mike,501985,2019,0
Archer, Chris,502042,2019,0
Pham, Tommy,502054,2019,25
Martinez, J.D.,502110,2019,2
Negron, Kristopher,502117,2019,1
Samardzija, Jeff,502188,2019,0
Leake, Mike,502190,2019,0
Reddick, Josh,502210,2019,5
Freeman, Mike,502273,2019,1
Dyson, Jarrod,502481,2019,30
Murphy, Daniel,502517,2019,1
Gale, Rocky,502570,2019,0
Anderson, Chase,502624,2019,0
Goldschmidt, Paul,502671,2019,3
Holland, Derek,502706,2019,0
Gonzalez, Marwin,503556,2019,1
Darvish, Yu,506433,2019,0
León, Sandy,506702,2019,0
Sanchez, Adrián,506703,2019,0
Altuve, Jose,514888,2019,6
Hernández, César,514917,2019,9
Segura, Jean,516416,2019,10
Castro, Starlin,516770,2019,2
Marte, Starling,516782,2019,25
Pirela, José,517369,2019,0
Bettis, Chad,518452,2019,0
Bumgarner, Madison,518516,2019,0
Centeno, Juan,518542,2019,1
Culberson, Charlie,518586,2019,0
d'Arnaud, Travis,518595,2019,0
Descalso, Daniel,518614,2019,2
Dietrich, Derek,518618,2019,1
Donaldson, Josh,518626,2019,4
Elmore, Jake,518653,2019,0
Freeman, Freddie,518692,2019,6
Grandal, Yasmani,518735,2019,5
Heyward, Jason,518792,2019,8
Kelly, Merrill,518876,2019,0
LeMahieu, DJ,518934,2019,5
Lucroy, Jonathan,518960,2019,0
Moreland, Mitch,519048,2019,1
Moustakas, Mike,519058,2019,3
Pomeranz, Drew,519141,2019,0
Rizzo, Anthony,519203,2019,5
Romine, Austin,519222,2019,1
Sogard, Eric,519299,2019,8
Stanton, Giancarlo,519317,2019,0
Thames, Eric,519346,2019,3
Vogt, Stephen,519390,2019,3
Galvis, Freddy,520471,2019,4
Forsythe, Logan,523253,2019,2
Flores, Wilmer,527038,2019,0
Puello, Cesar,527049,2019,0
Teheran, Julio,527054,2019,0
LaMarre, Ryan,534606,2019,1
Tovar, Wilfredo,541600,2019,0
García, Avisaíl,541645,2019,10
Pérez, Hernán,541650,2019,5
Inciarte, Ender,542255,2019,7
Ozuna, Marcell,542303,2019,12
Villar, Jonathan,542340,2019,40
Ortega, Rafael,542364,2019,3
Adames, Cristhian,542436,2019,0
Santana, Danny,542454,2019,21
Aguilar, Jesús,542583,2019,0
Beckham, Tim,542921,2019,1
Berti, Jon,542932,2019,17
Broxton, Keon,542979,2019,10
Chatwood, Tyler,543022,2019,0
Crawford, Brandon,543063,2019,3
Cron, C.J.,543068,2019,0
Davis, Taylor,543089,2019,0
DeSclafani, Anthony,543101,2019,0
Dickerson, Alex,543105,2019,1
Federowicz, Tim,543148,2019,1
Galloway, Isaac,543194,2019,2
Gomes, Yan,543228,2019,2
Gray, Sonny,543243,2019,0
Grossman, Robbie,543257,2019,9
Harrison, Josh,543281,2019,4
Hendricks, Kyle,543294,2019,0
Herrmann, Chris,543302,2019,0
Hicks, Aaron,543305,2019,1
Hicks, John,543308,2019,1
Higashioka, Kyle,543309,2019,0
Hosmer, Eric,543333,2019,0
Joseph, Caleb,543376,2019,0
Joseph, Corban,543377,2019,0
Kipnis, Jason,543401,2019,7
Lavarnway, Ryan,543432,2019,0
Lyles, Jordan,543475,2019,0
Mahtook, Mikie,543484,2019,0
McCann, James,543510,2019,4
Melville, Tim,543532,2019,0
Miller, Brad,543543,2019,2
Nola, Austin,543592,2019,1
Rendon, Anthony,543685,2019,5
Roark, Tanner,543699,2019,0
Semien, Marcus,543760,2019,10
Shaw, Travis,543768,2019,0
Shuck, JB,543776,2019,1
Springer , George,543807,2019,6
Strange-Gordon, Dee,543829,2019,22
Vázquez, Christian,543877,2019,4
Wong, Kolten,543939,2019,24
Gregorius, Didi,544369,2019,2
Garcia, Leury,544725,2019,15
Strasburg, Stephen,544931,2019,0
Vargas, Ildemaro,545121,2019,1
Bauer, Trevor,545333,2019,0
Grichuk, Randal,545341,2019,2
Marisnick, Jake,545350,2019,10
Stassi, Max,545358,2019,0
Trout, Mike,545361,2019,11
Herrera, Odúbel,546318,2019,2
Alford, Anthony,546990,2019,2
Almora , Albert,546991,2019,2
Ruiz, Rio,547004,2019,0
Delmonico, Nicky,547170,2019,0
Wolters, Tony,547172,2019,0
Lorenzen, Michael,547179,2019,5
Harper, Bryce,547180,2019,15
Perez, Roberto,547379,2019,0
Ryu, Hyun Jin,547943,2019,0
Martin, Leonys,547982,2019,4
Abreu, José,547989,2019,2
Stripling, Ross,548389,2019,0
Díaz, Elias,553869,2019,0
Narváez, Omar,553882,2019,0
Astudillo, Willians,553902,2019,0
Suárez, Eugenio,553993,2019,3
Wheeler, Zack,554430,2019,0
Polanco, Gregory,570256,2019,3
Santana, Domingo,570267,2019,8
González, Erik,570481,2019,4
Urshela, Gio,570482,2019,1
Sánchez, Yolmer,570560,2019,5
Ureña, José,570632,2019,0
Schoop, Jonathan,570731,2019,1
Adams, Matt,571431,2019,0
Altherr, Aaron,571437,2019,0
Arenado, Nolan,571448,2019,3
Barnhart, Tucker,571466,2019,1
Baron, Steven,571467,2019,0
Bour, Justin,571506,2019,0
Corbin, Patrick,571578,2019,0
Farmer, Kyle,571657,2019,4
Freitas, David,571679,2019,0
Gennett, Scooter,571697,2019,0
Goodwin, Brian,571718,2019,7
Hamilton, Billy,571740,2019,22
Haniger, Mitch,571745,2019,4
Hernández, Enrique,571771,2019,4
Holt, Brock,571788,2019,1
Lamb, Jake,571875,2019,1
Maile, Luke,571912,2019,1
Matz, Steven,571927,2019,0
Mikolas, Miles,571945,2019,0
Muncy, Max,571970,2019,4
Murphy, John Ryan,571974,2019,0
Myers, Wil,571976,2019,16
Naquin, Tyler,571980,2019,4
Owings, Chris,572008,2019,5
Phegley, Josh,572033,2019,0
Piscotty, Stephen,572039,2019,2
Pollock, AJ,572041,2019,5
Rickard, Joey,572073,2019,4
Seager, Kyle,572122,2019,2
Taylor, Michael A.,572191,2019,6
Voit , Luke,572228,2019,0
Walker, Christian,572233,2019,8
Zunino, Mike,572287,2019,0
Goins, Ryan,572365,2019,0
Carpenter, Matt,572761,2019,6
Dickerson, Corey,572816,2019,1
Dozier, Brian,572821,2019,3
Garneau, Dustin,572863,2019,0
Keuchel, Dallas,572971,2019,0
Saladino, Tyler,573135,2019,2
Stroman, Marcus,573186,2019,0
Yastrzemski, Mike,573262,2019,2
Contreras, Willson,575929,2019,1
Gyorko, Jedd,576397,2019,2
Iglesias, José,578428,2019,6
Hechavarría, Adeiny,588751,2019,3
Torreyes, Ronald,591720,2019,1
Osuna, Jose,591741,2019,0
Valera, Breyvic,591971,2019,0
Austin, Tyler,592122,2019,2
Bryant, Kris,592178,2019,4
Canha, Mark,592192,2019,3
Casali, Curt,592200,2019,0
Castellanos, Nick,592206,2019,2
Cowart, Kaleb,592230,2019,1
DeShields, Delino,592261,2019,24
Drury, Brandon,592273,2019,0
Foltynewicz, Mike,592314,2019,0
Gamel, Ben,592325,2019,2
Gausman, Kevin,592332,2019,0
González, Chi Chi,592346,2019,0
Goodrum, Niko,592348,2019,12
Gray, Jon,592351,2019,0
Healy, Ryon,592387,2019,0
Holaday, Bryan,592407,2019,0
Jones, JaCoby,592444,2019,7
Judge, Aaron,592450,2019,3
Machado, Manny,592518,2019,5
Moran, Colin,592567,2019,0
Parker, Jarrett,592620,2019,0
Pederson, Joc,592626,2019,1
Ravelo, Rangel,592660,2019,0
Ray, Robbie,592662,2019,0
Realmuto, J.T.,592663,2019,9
Renfroe, Hunter,592669,2019,5
Rivera, Yadiel,592680,2019,2
Rosario, Eddie,592696,2019,3
Simmons, Andrelton,592743,2019,10
Smith, Caleb,592761,2019,0
Smyly, Drew,592767,2019,0
Syndergaard, Noah,592789,2019,0
Taillon, Jameson,592791,2019,0
Velasquez, Vince,592826,2019,0
Wilkerson, Stevie,592859,2019,3
Williams, Mason,592863,2019,1
Williams, Trevor,592866,2019,0
Yelich, Christian,592885,2019,30
Merrifield, Whit,593160,2019,20
Bogaerts, Xander,593428,2019,4
Hernandez, Marco,593523,2019,1
Bonifacio, Jorge,593528,2019,0
Alberto, Hanser,593643,2019,4
Brito, Socrates,593647,2019,0
Hanson, Alen,593700,2019,1
Polanco, Jorge,593871,2019,4
Sanó, Miguel,593934,2019,0
Herrera, Rosell,594011,2019,4
Difo, Wilmer,594694,2019,0
Calhoun, Kole,594777,2019,4
deGrom, Jacob,594798,2019,0
Duvall, Adam,594807,2019,0
Eaton, Adam,594809,2019,15
Garcia, Greg,594824,2019,0
Gosselin, Phil,594838,2019,0
Palka, Daniel,594953,2019,0
Ponce de Leon, Daniel,594965,2019,0
Schebler, Scott,594988,2019,0
Eickhoff, Jerad,595191,2019,0
Gerber, Mike,595222,2019,0
Kiermaier, Kevin,595281,2019,19
Knapp, Andrew,595284,2019,0
Riddle, JT,595375,2019,0
Wallach, Chad,595453,2019,0
Alfaro, Jorge,595751,2019,4
Profar, Jurickson,595777,2019,9
Báez, Javier,595879,2019,11
Beede, Tyler,595881,2019,0
Bird, Greg,595885,2019,0
Cave, Jake,595909,2019,0
Gallagher, Cam,595956,2019,0
Hedges, Austin,595978,2019,1
Heineman, Scott,595981,2019,1
Kramer, Kevin,596012,2019,0
Lindor, Francisco,596019,2019,22
Odor, Rougned,596059,2019,11
Slater, Austin,596103,2019,1
Smith , Dwight,596105,2019,5
Story, Trevor,596115,2019,23
Stubbs, Garrett,596117,2019,1
Swihart, Blake,596119,2019,0
Vogelbach, Daniel,596129,2019,0
Weaver, Luke,596133,2019,0
Sanchez, Gary,596142,2019,0
Cuthbert, Cheslor,596144,2019,1
Kepler, Max,596146,2019,1
Quinn, Roman,596451,2019,8
Franco, Maikel,596748,2019,0
García, Robel,596825,2019,0
Choi, Ji Man,596847,2019,2
Bradley , Jackie,598265,2019,8
O'Brien, Peter,598284,2019,1
La Stella, Tommy,600303,2019,0
Read, Raudy,600466,2019,0
Severino, Pedro,600474,2019,3
Núñez, Renato,600524,2019,1
Arteaga, Humberto,600858,2019,1
Candelario, Jeimer,600869,2019,3
Pivetta, Nick,601713,2019,0
Daza, Yonathan,602074,2019,1
Rondon, José,602922,2019,0
Ahmed, Nick,605113,2019,8
Anderson, Brian,605119,2019,5
Barnes, Austin,605131,2019,3
Bell, Josh,605137,2019,0
Betts, Mookie,605141,2019,16
Caratini, Victor,605170,2019,1
Cron, Kevin,605196,2019,0
Davies, Zach,605200,2019,0
Davis, J.D.,605204,2019,3
Fisher, Derek,605233,2019,5
Garcia, Aramis,605244,2019,0
Gore, Terrance,605253,2019,13
Houser, Adrian,605288,2019,0
Martini, Nick,605361,2019,0
Musgrove, Joe,605397,2019,0
Nola, Aaron,605400,2019,0
Panik, Joe,605412,2019,4
Pérez, Michael,605421,2019,0
Rodriguez, Dereck,605446,2019,0
Ross, Joe,605452,2019,0
Skole, Matt,605474,2019,0
Smith, Mallex,605480,2019,46
Spangenberg, Cory,605486,2019,3
Starling, Bubba,605490,2019,2
Tilson, Charlie,605508,2019,4
Woodruff, Brandon,605540,2019,0
Zimmer, Bradley,605548,2019,0
Castro, Harold,605612,2019,4
Arcia, Orlando,606115,2019,8
Tapia, Raimel,606132,2019,9
Aquino, Aristides,606157,2019,7
Hernández, Teoscar,606192,2019,6
Peraza, José,606299,2019,7
Marte, Ketel,606466,2019,10
Court, Ryan,606956,2019,0
Greiner, Grayson,606988,2019,0
Haase, Eric,606992,2019,0
Nimmo, Brandon,607043,2019,3
Peterson, Jace,607054,2019,4
Fedde, Erick,607200,2019,0
Turner, Trea,607208,2019,35
Reed, AJ,607223,2019,0
Taylor, Beau,607333,2019,0
Smith, Kevan,607345,2019,2
Beaty, Matt,607461,2019,5
Blandino, Alex,607468,2019,0
Freeland, Kyle,607536,2019,0
Pillar, Kevin,607680,2019,14
Stallings, Jacob,607732,2019,0
Travis, Sam,607752,2019,2
Williamson, Mac,607776,2019,2
Ramírez, José,608070,2019,24
Bregman, Alex,608324,2019,5
Fried, Max,608331,2019,0
Gallo, Joey,608336,2019,4
Green, Zach,608339,2019,0
Kelly, Carson,608348,2019,0
Russell, Addison,608365,2019,2
Seager, Corey,608369,2019,1
Wacha, Michael,608379,2019,0
Williams, Nick,608384,2019,0
Winker, Jesse,608385,2019,0
Lugo, Dawel,608475,2019,0
Marquez, German,608566,2019,0
Mazara, Nomar,608577,2019,4
Murphy, Tom,608596,2019,2
Guzmán, Ronald,608597,2019,1
Jankowski, Travis,608671,2019,2
Mayfield, Jack,608686,2019,0
Plawecki, Kevin,608700,2019,0
Stamets, Eric,608715,2019,0
Voth, Austin,608723,2019,0
Mondesi, Adalberto,609275,2019,43
Andujar, Miguel,609280,2019,0
Cordero, Franchy,614173,2019,1
Reyes, Franmil,614177,2019,0
Quantrill, Cal,615698,2019,0
Barreto, Franklin,620439,2019,1
Torrens, Luis,620443,2019,0
Urena, Richard,620446,2019,0
Robertson, Daniel,621002,2019,2
Lopes, Tim,621005,2019,6
Martin , Richie,621006,2019,10
Swanson, Dansby,621020,2019,10
Newman, Kevin,621028,2019,16
Taylor, Chris,621035,2019,8
Correa, Carlos,621043,2019,1
Eflin, Zach,621107,2019,0
Buehler, Walker,621111,2019,0
Mills, Alec,621219,2019,0
Dahl, David,621311,2019,4
Strahm, Matt,621381,2019,0
Phillips, Brett,621433,2019,3
Taylor, Tyrone,621438,2019,0
Buxton, Byron,621439,2019,14
Brinson, Lewis,621446,2019,1
Bolt, Skye,621450,2019,0
Duggar, Steven,621453,2019,1
Rios, Edwin,621458,2019,0
Stewart, DJ,621466,2019,1
Ward, Taylor,621493,2019,0
Nido, Tomás,621512,2019,0
Stewart, Christin,621514,2019,0
Bemboom, Anthony,621532,2019,0
Wisdom, Patrick,621550,2019,0
Moroff, Max,621559,2019,1
Wendle, Joey,621563,2019,8
Olson, Matt,621566,2019,0
Dean, Austin,621573,2019,0
Shaw, Chris,622046,2019,0
Young, Alex,622065,2019,0
Wood, Alex,622072,2019,0
Duffy, Matt,622110,2019,0
Muñoz, Yairo,622168,2019,8
Walton, Donovan,622268,2019,0
Castillo, Luis,622491,2019,0
Margot, Manuel,622534,2019,20
Reyes, Pablo,622569,2019,1
Senzatela, Antonio,622608,2019,0
Camargo, Johan,622666,2019,1
Reyes, Victor,622682,2019,9
Hernández, Elieser,622694,2019,0
Heineman, Tyler,623168,2019,0
Mejias-Brean, Seth,623180,2019,0
Velazquez, Andrew,623205,2019,1
Bishop, Braden,623323,2019,0
Bote, David,623520,2019,5
Ramírez, Harold,623912,2019,2
Santander, Anthony,623993,2019,1
Lin, Tzu-Wei,624407,2019,1
Alonso, Pete,624413,2019,1
Arroyo, Christian,624414,2019,0
Biggio, Cavan,624415,2019,14
Conforto, Michael,624424,2019,7
Frazier, Adam,624428,2019,5
Trevino, Jose,624431,2019,0
McGuire, Reese,624512,2019,0
Nuñez, Dom,624513,2019,0
Puig, Yasiel,624577,2019,19
Soler, Jorge,624585,2019,3
Sosa, Edmundo,624641,2019,1
Mejia, Erick,625510,2019,0
Maeda, Kenta,628317,2019,0
Heredia, Guillermo,628338,2019,2
Kang, Jung Ho,628356,2019,0
Urias, Julio,628711,2019,0
Ervin, Phillip,640447,2019,4
Frazier, Clint,640449,2019,1
Meadows, Austin,640457,2019,12
Mercado, Óscar,640458,2019,15
Peterson, Dustin,640460,2019,1
Pinder, Chad,640461,2019,0
Lopez, Pablo,641154,2019,0
Anderson, Shaun,641312,2019,0
Anderson, Tim,641313,2019,17
Bauers, Jake,641343,2019,3
Bellinger, Cody,641355,2019,15
Calhoun, Willie,641432,2019,0
Collins, Zack,641470,2019,0
Cordell, Ryan,641477,2019,3
Crawford, J.P.,641487,2019,5
Davis, Jonathan,641505,2019,3
Demeritte, Travis,641513,2019,3
Dixon, Brandon,641525,2019,5
Dozier, Hunter,641531,2019,2
Engel, Adam,641553,2019,3
Fraley, Jake,641584,2019,0
Garver, Mitch,641598,2019,0
Guillorme, Luis,641645,2019,0
Hampson, Garrett,641658,2019,15
Hermosillo, Michael,641684,2019,2
Hudson, Dakota,641712,2019,0
Keller, Brad,641745,2019,0
Lauer, Eric,641778,2019,0
Lewis, Kyle,641786,2019,0
Locastro, Tim,641796,2019,17
Mahle, Tyler,641816,2019,0
Mancini, Trey,641820,2019,1
Martin, Jason,641829,2019,2
McKinney, Billy,641856,2019,0
McMahon, Ryan,641857,2019,5
Miller, Ian,641878,2019,0
Neuse, Sheldon,641914,2019,0
O'Neill, Tyler,641933,2019,1
Sisco, Chance,642082,2019,0
Smith, Dominic,642086,2019,1
Tellez, Rowdy,642133,2019,1
Thaiss, Matt,642136,2019,0
Valaika, Pat,642162,2019,0
VanMeter, Josh,642165,2019,9
Wade, Tyler,642180,2019,7
Wong, Kean,642221,2019,0
Mejía, Francisco,642336,2019,1
Sierra, Magneuris,642423,2019,3
Peralta, Freddy,642547,2019,0
Agrazal, Dario,642607,2019,0
Rosario, Amed,642708,2019,19
Adames, Willy,642715,2019,4
Gutiérrez, Kelvin,642721,2019,1
Estrada, Thairo,642731,2019,4
Leyba, Domingo,642736,2019,0
Wynns, Austin,642851,2019,0
Benintendi, Andrew,643217,2019,10
Brault, Steven,643230,2019,0
Cooper, Garrett,643265,2019,0
Dubón, Mauricio,643289,2019,3
Godley, Zack,643327,2019,0
Jansen, Danny,643376,2019,0
Kemp, Tony,643393,2019,4
Kiner-Falefa, Isiah,643396,2019,3
Long , Shed,643418,2019,3
McBroom, Ryan,643436,2019,0
McNeil, Jeff,643446,2019,5
Schwindel, Frank,643524,2019,0
Tauchman, Mike,643565,2019,6
White, Tyler,643603,2019,0
Chang, Yu,644374,2019,0
Alcantara, Sandy,645261,2019,0
Albies, Ozzie,645277,2019,15
Robles, Victor,645302,2019,28
Ford, Mike,645801,2019,0
Devers, Rafael,646240,2019,8
Naylor, Josh,647304,2019,1
Soroka, Michael,647336,2019,0
Toro, Abraham,647351,2019,1
Díaz, Aledmys,649557,2019,2
Urías, Luis,649966,2019,0
Arraez, Luis,650333,2019,2
Jiménez, Eloy,650391,2019,0
Torres, Gleyber,650402,2019,5
Castro, Willi,650489,2019,0
Díaz, Yandy,650490,2019,2
Viloria, Meibrys,650619,2019,0
Rengifo, Luis,650859,2019,2
Allen, Greg,656185,2019,8
Bradley, Bobby,656252,2019,0
Chapman, Matt,656305,2019,1
Chavis, Michael,656308,2019,2
Diaz, Isan,656371,2019,0
Flaherty, Jack,656427,2019,1
Haseley, Adam,656514,2019,4
Hilliard, Sam,656541,2019,2
Hoffman, Jeff,656546,2019,0
Hoskins, Rhys,656555,2019,2
Jackson, Alex,656577,2019,0
Joe, Connor,656582,2019,0
Keller, Mitch,656605,2019,0
Luplow, Jordan,656669,2019,3
McKay, Brendan,656713,2019,0
Mullins, Cedric,656775,2019,1
O'Hearn, Ryan,656811,2019,0
Schwarber, Kyle,656941,2019,2
Thomas, Lane,657041,2019,1
Toussaint, Touki,657053,2019,0
Tucker, Cole,657061,2019,0
Verdugo, Alex,657077,2019,4
Yamamoto, Jordan,657141,2019,0
Zagunis, Mark,657145,2019,0
Webb, Logan,657277,2019,0
O'Grady, Brian,657434,2019,0
DeJong, Paul,657557,2019,9
Laureano, Ramón,657656,2019,13
Fuentes, Joshua,658069,2019,1
Lamet, Dinelson,659275,2019,0
Moncada, Yoán,660162,2019,10
Ohtani, Shohei,660271,2019,12
Acuña , Ronald,660670,2019,37
Hoerner, Nico,663538,2019,0
Lambert, Peter,663567,2019,0
Riley, Austin,663586,2019,0
Tucker, Kyle,663656,2019,5
Grisham, Trent,663757,2019,1
Rodgers, Brendan,663898,2019,0
Paddack, Chris,663978,2019,0
Lowe, Nathaniel,663993,2019,0
Happ, Ian,664023,2019,2
France, Ty,664034,2019,0
Lowe, Brandon,664040,2019,5
Davis, Jaylin,664041,2019,1
Bader, Harrison,664056,2019,11
Stevenson, Andrew,664057,2019,0
Fletcher, David,664058,2019,8
Gonsolin, Tony,664062,2019,0
Kingery, Scott,664068,2019,15
Allen, Austin,664119,2019,0
Lucchesi, Joey,664192,2019,0
Clarke, Taylor,664199,2019,0
Moore, Dylan,664238,2019,11
Garlick, Kyle,664247,2019,0
Straw, Myles,664702,2019,8
Wade , LaMonte,664774,2019,0
Zavala, Seby,664874,2019,0
Mendick, Danny,664901,2019,0
Brown, Seth,664913,2019,1
Dini, Nick,664926,2019,0
Walsh, Jared,665120,2019,0
Tatis , Fernando,665487,2019,16
Guerrero , Vladimir,665489,2019,0
Soto, Juan,665742,2019,12
Lux, Gavin,666158,2019,2
Bichette, Bo,666182,2019,4
Kieboom, Carter,666198,2019,0
Gurriel , Lourdes,666971,2019,6
Dugger, Robert,667498,2019,0
Arozarena, Randy,668227,2019,2
Rogers, Jake,668670,2019,0
Gallen, Zac,668678,2019,0
Knizner, Andrew,668800,2019,2
Reynolds, Bryan,668804,2019,3
Rojas, Josh,668942,2019,4
May, Dustin,669160,2019,0
Murphy, Sean,669221,2019,0
Senzel, Nick,669222,2019,14
Edman, Tommy,669242,2019,15
Solak, Nick,669256,2019,2
Smith, Will,669257,2019,2
Hiura, Keston,669374,2019,9
Hays, Austin,669720,2019,2
Noll, Jake,669738,2019,0
Lopez, Nicky,670032,2019,1
Alvarez, Yordan,670541,2019,0
Brosseau, Mike,670712,2019,1
Richards, Trevor,670950,2019,0
Margevicius, Nick,676606,2019,0
Pujols, Albert,405395,2020,0
Cabrera, Miguel,408234,2020,1
Mathis, Jeff,425772,2020,1
Choo, Shin-Soo,425783,2020,6
Molina, Yadier,425877,2020,0
Canó, Robinson,429664,2020,0
Encarnacion, Edwin,429665,2020,0
Kendrick , Howie,435062,2020,0
Walker, Neil,435522,2020,0
Suzuki, Kurt,435559,2020,1
Cruz , Nelson,443558,2020,0
Peralta, David,444482,2020,1
Pina, Manny,444489,2020,0
Jay, Jon,445055,2020,0
Wieters, Matt,446308,2020,0
Longoria, Evan,446334,2020,0
Rodriguez, Sean,446481,2020,0
Davis, Chris,448801,2020,0
Fowler, Dexter,451594,2020,1
Flowers, Tyler,452095,2020,0
Pence, Hunter,452254,2020,0
Cabrera, Asdrúbal,452678,2020,0
Blackmon, Charlie,453568,2020,2
Frazier, Todd,453943,2020,1
Maldonado, Martín,455117,2020,1
Chirinos, Robinson,455139,2020,0
Markakis, Nick,455976,2020,0
Kratz, Erik,456124,2020,0
Cain, Lorenzo,456715,2020,0
Solano, Donovan,456781,2020,0
McCutchen, Andrew,457705,2020,4
Upton, Justin,457708,2020,0
Maybin, Cameron,457727,2020,3
Turner, Justin,457759,2020,1
Bruce, Jay,457803,2020,0
Votto, Joey,458015,2020,0
Gardner, Brett,458731,2020,3
Joyce, Matt,459964,2020,1
Braun, Ryan,460075,2020,1
Butera, Drew,460077,2020,0
Gordon, Alex,460086,2020,0
Kemp, Matt,461314,2020,1
Andrus, Elvis,462101,2020,3
Cervelli, Francisco,465041,2020,1
Sandoval, Pablo,467055,2020,0
Ramos, Wilson,467092,2020,0
Santana, Carlos,467793,2020,0
Mercer, Jordy,474568,2020,0
Belt, Brandon,474832,2020,0
Smoak, Justin,475253,2020,0
Avila, Alex,488671,2020,0
Brantley , Michael,488726,2020,2
Castro, Jason,488771,2020,0
Morrison, Logan,489149,2020,0
Cespedes, Yoenis,493316,2020,0
Gurriel, Yuli,493329,2020,0
Rojas, Miguel,500743,2020,5
Escobar, Eduardo,500871,2020,1
Martínez, José,500874,2020,0
Adrianza, Ehire,501303,2020,1
Almonte, Abraham,501659,2020,1
Davis, Khris,501981,2020,0
Pham, Tommy,502054,2020,6
Martinez, J.D.,502110,2020,1
Reddick, Josh,502210,2020,1
Freeman, Mike,502273,2020,0
Dyson, Jarrod,502481,2020,6
Murphy, Daniel,502517,2020,0
Goldschmidt, Paul,502671,2020,1
Gonzalez, Marwin,503556,2020,0
León, Sandy,506702,2020,0
Altuve, Jose,514888,2020,2
Hernández, César,514917,2020,0
Segura, Jean,516416,2020,2
Castro, Starlin,516770,2020,0
Marte, Starling,516782,2020,10
Colon, Christian,518568,2020,1
d'Arnaud, Travis,518595,2020,1
Dietrich, Derek,518618,2020,1
Donaldson, Josh,518626,2020,0
Freeman, Freddie,518692,2020,2
Grandal, Yasmani,518735,2020,0
Heyward, Jason,518792,2020,2
LeMahieu, DJ,518934,2020,3
Moreland, Mitch,519048,2020,0
Moustakas, Mike,519058,2020,1
Rizzo, Anthony,519203,2020,3
Romine, Austin,519222,2020,0
Sogard, Eric,519299,2020,0
Souza , Steven,519306,2020,1
Stanton, Giancarlo,519317,2020,1
Thames, Eric,519346,2020,1
Vogt, Stephen,519390,2020,0
Galvis, Freddy,520471,2020,1
Perez, Salvador,521692,2020,1
Forsythe, Logan,523253,2020,0
Flores, Wilmer,527038,2020,1
Puello, Cesar,527049,2020,0
García, Avisaíl,541645,2020,1
Inciarte, Ender,542255,2020,4
Ozuna, Marcell,542303,2020,0
Villar, Jonathan,542340,2020,16
Santana, Danny,542454,2020,2
Aguilar, Jesús,542583,2020,0
Berti, Jon,542932,2020,9
Crawford, Brandon,543063,2020,1
Cron, C.J.,543068,2020,0
Dickerson, Alex,543105,2020,0
Gomes, Yan,543228,2020,1
Grossman, Robbie,543257,2020,8
Harrison, Josh,543281,2020,1
Hicks, Aaron,543305,2020,4
Higashioka, Kyle,543309,2020,0
Hosmer, Eric,543333,2020,4
Kipnis, Jason,543401,2020,1
Lavarnway, Ryan,543432,2020,0
McCann, James,543510,2020,1
Miller, Brad,543543,2020,1
Nola, Austin,543592,2020,0
Rendon, Anthony,543685,2020,0
Semien, Marcus,543760,2020,4
Shaw, Travis,543768,2020,0
Springer , George,543807,2020,1
Strange-Gordon, Dee,543829,2020,3
Vázquez, Christian,543877,2020,4
Wong, Kolten,543939,2020,5
Gregorius, Didi,544369,2020,3
Garcia, Leury,544725,2020,0
Vargas, Ildemaro,545121,2020,0
Grichuk, Randal,545341,2020,1
Marisnick, Jake,545350,2020,0
Stassi, Max,545358,2020,0
Trout, Mike,545361,2020,1
Alford, Anthony,546990,2020,3
Almora , Albert,546991,2020,0
Ruiz, Rio,547004,2020,1
Delmonico, Nicky,547170,2020,0
Wolters, Tony,547172,2020,0
Harper, Bryce,547180,2020,8
Perez, Roberto,547379,2020,0
Abreu, José,547989,2020,0
Díaz, Elias,553869,2020,0
Narváez, Omar,553882,2020,0
Astudillo, Willians,553902,2020,0
Suárez, Eugenio,553993,2020,2
Polanco, Gregory,570256,2020,3
Santana, Domingo,570267,2020,0
González, Erik,570481,2020,2
Urshela, Gio,570482,2020,1
Sánchez, Yolmer,570560,2020,0
Schoop, Jonathan,570731,2020,0
Adams, Matt,571431,2020,0
Arenado, Nolan,571448,2020,0
Barnhart, Tucker,571466,2020,0
Davidson, Matt,571602,2020,0
Farmer, Kyle,571657,2020,1
Goodwin, Brian,571718,2020,5
Hamilton, Billy,571740,2020,6
Hernández, Enrique,571771,2020,0
Holt, Brock,571788,2020,1
Lamb, Jake,571875,2020,0
Muncy, Max,571970,2020,1
Murphy, John Ryan,571974,2020,0
Myers, Wil,571976,2020,2
Naquin, Tyler,571980,2020,0
Owings, Chris,572008,2020,1
Phegley, Josh,572033,2020,0
Piscotty, Stephen,572039,2020,4
Pollock, AJ,572041,2020,2
Seager, Kyle,572122,2020,5
Taylor, Michael A.,572191,2020,0
Voit , Luke,572228,2020,0
Walker, Christian,572233,2020,1
Zunino, Mike,572287,2020,0
Goins, Ryan,572365,2020,0
Carpenter, Matt,572761,2020,0
Dickerson, Corey,572816,2020,1
Dozier, Brian,572821,2020,0
Garneau, Dustin,572863,2020,0
Ruf, Darin,573131,2020,1
Yastrzemski, Mike,573262,2020,2
Contreras, Willson,575929,2020,1
Gyorko, Jedd,576397,2020,0
Iglesias, José,578428,2020,0
Hechavarría, Adeiny,588751,2020,0
Osuna, Jose,591741,2020,0
Bryant, Kris,592178,2020,0
Canha, Mark,592192,2020,4
Casali, Curt,592200,2020,1
Castellanos, Nick,592206,2020,0
DeShields, Delino,592261,2020,3
Drury, Brandon,592273,2020,0
Gamel, Ben,592325,2020,0
Goodrum, Niko,592348,2020,7
Holaday, Bryan,592407,2020,0
Jones, JaCoby,592444,2020,1
Judge, Aaron,592450,2020,0
Machado, Manny,592518,2020,6
Marmolejos, José,592530,2020,0
Moran, Colin,592567,2020,0
Payton, Mark,592622,2020,1
Pederson, Joc,592626,2020,1
Ravelo, Rangel,592660,2020,0
Realmuto, J.T.,592663,2020,4
Renfroe, Hunter,592669,2020,2
Rosario, Eddie,592696,2020,3
Simmons, Andrelton,592743,2020,2
Williams, Mason,592863,2020,0
Yelich, Christian,592885,2020,4
Merrifield, Whit,593160,2020,12
Bogaerts, Xander,593428,2020,8
Bonifacio, Jorge,593528,2020,0
Alberto, Hanser,593643,2020,3
Polanco, Jorge,593871,2020,4
Sanó, Miguel,593934,2020,0
Difo, Wilmer,594694,2020,0
Calhoun, Kole,594777,2020,1
Duvall, Adam,594807,2020,0
Eaton, Adam,594809,2020,3
Garcia, Greg,594824,2020,1
Gosselin, Phil,594838,2020,0
Kiermaier, Kevin,595281,2020,8
Knapp, Andrew,595284,2020,0
Riddle, JT,595375,2020,1
Wallach, Chad,595453,2020,0
Alfaro, Jorge,595751,2020,2
Profar, Jurickson,595777,2020,7
Báez, Javier,595879,2020,3
Cave, Jake,595909,2020,0
Evans, Phillip,595943,2020,0
Gallagher, Cam,595956,2020,0
Hedges, Austin,595978,2020,1
Heineman, Scott,595981,2020,3
Lindor, Francisco,596019,2020,6
Odor, Rougned,596059,2020,0
Slater, Austin,596103,2020,8
Smith , Dwight,596105,2020,1
Story, Trevor,596115,2020,15
Stubbs, Garrett,596117,2020,0
Vogelbach, Daniel,596129,2020,0
Sanchez, Gary,596142,2020,0
Kepler, Max,596146,2020,3
Quinn, Roman,596451,2020,12
Franco, Maikel,596748,2020,1
Choi, Ji Man,596847,2020,0
Bradley, Jackie,598265,2020,5
La Stella, Tommy,600303,2020,1
Severino, Pedro,600474,2020,1
Núñez, Renato,600524,2020,0
Candelario, Jeimer,600869,2020,1
Urías, Ramón,602104,2020,0
Ahmed, Nick,605113,2020,4
Anderson, Brian,605119,2020,0
Barnes, Austin,605131,2020,3
Bell, Josh,605137,2020,0
Betts, Mookie,605141,2020,10
Caratini, Victor,605170,2020,0
Cron, Kevin,605196,2020,0
Davis, J.D.,605204,2020,0
Fisher, Derek,605233,2020,0
Machín, Vimael,605353,2020,0
Panik, Joe,605412,2020,0
Pérez, Michael,605421,2020,0
Smith, Mallex,605480,2020,2
Starling, Bubba,605490,2020,0
Zimmer, Bradley,605548,2020,2
Castro, Harold,605612,2020,0
Arcia, Orlando,606115,2020,2
Tapia, Raimel,606132,2020,8
Aquino, Aristides,606157,2020,1
Hernández, Teoscar,606192,2020,6
Peraza, José,606299,2020,1
Marte, Ketel,606466,2020,1
Greiner, Grayson,606988,2020,0
Haase, Eric,606992,2020,0
Nimmo, Brandon,607043,2020,1
Peterson, Jace,607054,2020,1
Turner, Trea,607208,2020,11
Taylor, Beau,607333,2020,0
Smith, Kevan,607345,2020,0
Beaty, Matt,607461,2020,0
Pillar, Kevin,607680,2020,5
Stallings, Jacob,607732,2020,0
Ramírez, José,608070,2020,10
Bregman, Alex,608324,2020,0
Gallo, Joey,608336,2020,2
Kelly, Carson,608348,2020,0
Seager, Corey,608369,2020,1
Winker, Jesse,608385,2020,1
Lugo, Dawel,608475,2020,0
Mazara, Nomar,608577,2020,0
Guzmán, Ronald,608597,2020,1
Jankowski, Travis,608671,2020,2
Mayfield, Jack,608686,2020,0
Plawecki, Kevin,608700,2020,1
Refsnyder, Rob,608701,2020,0
Reynolds, Matt,608703,2020,0
Mondesi, Adalberto,609275,2020,24
Andujar, Miguel,609280,2020,0
Cordero, Franchy,614173,2020,1
Reyes, Franmil,614177,2020,0
Barreto, Franklin,620439,2020,1
Torrens, Luis,620443,2020,0
Robertson, Daniel,621002,2020,0
Lopes, Tim,621005,2020,5
Schrock, Max,621011,2020,0
Swanson, Dansby,621020,2020,5
Newman, Kevin,621028,2020,0
Taylor, Chris,621035,2020,3
Correa, Carlos,621043,2020,0
Dahl, David,621311,2020,1
Phillips, Brett,621433,2020,6
Taylor, Tyrone,621438,2020,0
Buxton, Byron,621439,2020,2
Brinson, Lewis,621446,2020,4
Duggar, Steven,621453,2020,1
Rios, Edwin,621458,2020,0
Stewart, DJ,621466,2020,0
Ward, Taylor,621493,2020,2
Mathisen, Wyatt,621500,2020,0
Nido, Tomás,621512,2020,0
Stewart, Christin,621514,2020,0
Hudson, Joe,621529,2020,0
Bemboom, Anthony,621532,2020,0
Wendle, Joey,621563,2020,8
Olson, Matt,621566,2020,1
Jones, Taylor,622100,2020,0
Muñoz, Yairo,622168,2020,2
Walton, Donovan,622268,2020,0
Margot, Manuel,622534,2020,12
Camargo, Johan,622666,2020,0
Reyes, Victor,622682,2020,7
Mateo, Jorge,622761,2020,0
Heineman, Tyler,623168,2020,1
Velazquez, Andrew,623205,2020,4
Bishop, Braden,623323,2020,1
Bote, David,623520,2020,2
Ramírez, Harold,623912,2020,0
Santander, Anthony,623993,2020,0
Lin, Tzu-Wei,624407,2020,0
Alonso, Pete,624413,2020,1
Arroyo, Christian,624414,2020,0
Biggio, Cavan,624415,2020,6
Conforto, Michael,624424,2020,3
Frazier, Adam,624428,2020,1
Trevino, Jose,624431,2020,0
McGuire, Reese,624512,2020,0
Soler, Jorge,624585,2020,0
Mejia, Erick,625510,2020,1
Heredia, Guillermo,628338,2020,1
Hernandez, Yadiel,628450,2020,0
Cronenworth, Jake,630105,2020,3
Ervin, Phillip,640447,2020,1
Frazier, Clint,640449,2020,3
Meadows, Austin,640457,2020,2
Mercado, Óscar,640458,2020,3
Pinder, Chad,640461,2020,0
Anderson, Tim,641313,2020,4
Bellinger, Cody,641355,2020,6
Calhoun, Willie,641432,2020,0
Collins, Zack,641470,2020,0
Crawford, J.P.,641487,2020,6
Davis, Jonathan,641505,2020,1
Demeritte, Travis,641513,2020,0
Dixon, Brandon,641525,2020,0
Dozier, Hunter,641531,2020,4
Engel, Adam,641553,2020,1
Fraley, Jake,641584,2020,2
Garver, Mitch,641598,2020,0
Guillorme, Luis,641645,2020,2
Hampson, Garrett,641658,2020,6
Heim, Jonah,641680,2020,0
Hermosillo, Michael,641684,2020,1
Lewis, Kyle,641786,2020,5
Locastro, Tim,641796,2020,4
Martin, Jason,641829,2020,0
McMahon, Ryan,641857,2020,0
Nottingham, Jacob,641924,2020,0
Odom, Joseph,641929,2020,0
O'Neill, Tyler,641933,2020,3
Sisco, Chance,642082,2020,0
Smith, Dominic,642086,2020,0
Tellez, Rowdy,642133,2020,0
Thaiss, Matt,642136,2020,0
Valaika, Pat,642162,2020,0
VanMeter, Josh,642165,2020,1
Wade, Tyler,642180,2020,3
White, Eli,642201,2020,1
Mejía, Francisco,642336,2020,0
Sierra, Magneuris,642423,2020,4
Rosario, Amed,642708,2020,0
Adames, Willy,642715,2020,2
Gutiérrez, Kelvin,642721,2020,0
Alcántara, Sergio,642727,2020,0
Estrada, Thairo,642731,2020,1
Basabe, Luis Alexander,642772,2020,2
Benintendi, Andrew,643217,2020,1
Cooper, Garrett,643265,2020,0
Dubón, Mauricio,643289,2020,2
Jansen, Danny,643376,2020,0
Kemp, Tony,643393,2020,3
Kiner-Falefa, Isiah,643396,2020,8
Long, Shed,643418,2020,4
McBroom, Ryan,643436,2020,0
McNeil, Jeff,643446,2020,0
Tauchman, Mike,643565,2020,6
Chang, Yu,644374,2020,0
Tromp, Chadwick,644433,2020,0
Albies, Ozzie,645277,2020,3
Robles, Victor,645302,2020,4
Sánchez, Ali,645305,2020,0
Ford, Mike,645801,2020,0
Devers, Rafael,646240,2020,0
Naylor, Josh,647304,2020,1
Toro, Abraham,647351,2020,1
Díaz, Aledmys,649557,2020,0
Urías, Luis,649966,2020,2
Díaz, Lewin,650331,2020,0
Arraez, Luis,650333,2020,0
Jiménez, Eloy,650391,2020,0
Torres, Gleyber,650402,2020,0
Castro, Willi,650489,2020,0
Díaz, Yandy,650490,2020,0
Viloria, Meibrys,650619,2020,0
Rengifo, Luis,650859,2020,3
Allen, Greg,656185,2020,2
Chapman, Matt,656305,2020,0
Chavis, Michael,656308,2020,3
Diaz, Isan,656371,2020,0
Harrison, Monte,656509,2020,6
Haseley, Adam,656514,2020,0
Hill, Derek,656537,2020,0
Hilliard, Sam,656541,2020,3
Hoskins, Rhys,656555,2020,1
Luplow, Jordan,656669,2020,0
Mullins, Cedric,656775,2020,7
O'Hearn, Ryan,656811,2020,0
Schwarber, Kyle,656941,2020,1
Smith, Pavin,656976,2020,1
Thomas, Lane,657041,2020,0
Tucker, Cole,657061,2020,1
Verdugo, Alex,657077,2020,4
White, Evan,657108,2020,1
Alvarez, Eddy,657193,2020,2
DeJong, Paul,657557,2020,1
Laureano, Ramón,657656,2020,2
Fuentes, Joshua,658069,2020,1
Olivares, Edward,658668,2020,0
Moncada, Yoán,660162,2020,0
Ohtani, Shohei,660271,2020,7
Tsutsugo, Yoshi,660294,2020,0
Araúz, Jonathan,660620,2020,0
Acuña, Ronald,660670,2020,8
Tejeda, Anderson,660731,2020,4
Sánchez, Jesús,660821,2020,0
Contreras, William,661388,2020,0
Varsho, Daulton,662139,2020,3
McCarthy, Joe,663411,2020,0
Hoerner, Nico,663538,2020,3
Riley, Austin,663586,2020,0
Madrigal, Nick,663611,2020,2
Mountcastle, Ryan,663624,2020,0
Hayes, Ke'Bryan,663647,2020,1
Tucker, Kyle,663656,2020,8
Cameron, Daz,663662,2020,1
Bart, Joey,663698,2020,0
Grisham, Trent,663757,2020,10
Stephenson, Tyler,663886,2020,0
Rodgers, Brendan,663898,2020,0
Lowe, Nathaniel,663993,2020,1
Happ, Ian,664023,2020,1
Mathias, Mark,664029,2020,1
France, Ty,664034,2020,0
Lowe, Brandon,664040,2020,3
Davis, Jaylin,664041,2020,0
Bader, Harrison,664056,2020,3
Stevenson, Andrew,664057,2020,2
Fletcher, David,664058,2020,2
Haggerty, Sam,664059,2020,4
Kingery, Scott,664068,2020,0
Allen, Austin,664119,2020,0
Moore, Dylan,664238,2020,12
Garlick, Kyle,664247,2020,0
Straw, Myles,664702,2020,5
Bohm, Alec,664761,2020,1
Wade, LaMonte,664774,2020,1
Mendick, Danny,664901,2020,0
Walsh, Jared,665120,2020,0
Tatis, Fernando,665487,2020,11
Guerrero, Vladimir,665489,2020,1
Soto, Juan,665742,2020,5
Taveras, Leody,665750,2020,8
Chisholm, Jazz,665862,2020,2
Giménez, Andrés,665926,2020,8
Apostel, Sherten,665947,2020,0
Lux, Gavin,666158,2020,1
Moniak, Mickey,666160,2020,0
Adell, Jo,666176,2020,0
Bichette, Bo,666182,2020,4
Carlson, Dylan,666185,2020,1
Kieboom, Carter,666198,2020,0
Dalbec, Bobby,666915,2020,0
Oliva, Jared,666931,2020,1
Gurriel, Lourdes,666971,2020,3
Rooker, Brent,667670,2020,0
Arozarena, Randy,668227,2020,4
Knizner, Andrew,668800,2020,0
Reynolds, Bryan,668804,2020,1
Rojas, Josh,668942,2020,1
Huff, Sam,669087,2020,0
Murphy, Sean,669221,2020,0
Senzel, Nick,669222,2020,2
Edman, Tommy,669242,2020,2
Solak, Nick,669256,2020,7
Smith, Will,669257,2020,0
Johnson, Daniel,669288,2020,0
Espinal, Santiago,669289,2020,1
Hiura, Keston,669374,2020,3
Hays, Austin,669720,2020,2
Noll, Jake,669738,2020,0
Lopez, Nicky,670032,2020,0
Heath, Nick,670084,2020,2
Young, Andrew,670370,2020,0
Paredes, Isaac,670623,2020,0
Brosseau, Mike,670712,2020,2
Ona, Jorge,671250,2020,0
García, Luis,671277,2020,1
Kirk, Alejandro,672386,2020,0
Robert, Luis,673357,2020,9
Akiyama, Shogo,673451,2020,7
Barrero, Jose,676480,2020,1
Jeffers, Ryan,680777,2020,0
Pujols, Albert,405395,2021,2
Cabrera, Miguel,408234,2021,0
Rivera, Rene,425784,2021,0
Wainwright, Adam,425794,2021,0
Molina, Yadier,425877,2021,3
Suzuki, Kurt,435559,2021,0
Cruz, Nelson,443558,2021,3
Peralta, David,444482,2021,2
Pina, Manny,444489,2021,0
Escobar, Alcides,444876,2021,3
Jay, Jon,445055,2021,0
Longoria, Evan,446334,2021,1
Lobaton, Jose,446653,2021,0
Hill, Rich,448179,2021,0
Morton, Charlie,450203,2021,0
Fowler, Dexter,451594,2021,1
Lester, Jon,452657,2021,0
Cabrera, Asdrúbal,452678,2021,1
LeBlanc, Wade,453281,2021,0
Scherzer, Max,453286,2021,0
Arrieta, Jake,453562,2021,0
Blackmon, Charlie,453568,2021,3
Frazier, Todd,453943,2021,0
Maldonado, Martín,455117,2021,0
Chirinos, Robinson,455139,2021,0
Price, David,456034,2021,0
Cueto, Johnny,456501,2021,1
Cain, Lorenzo,456715,2021,13
Solano, Donovan,456781,2021,2
McCutchen, Andrew,457705,2021,6
Upton, Justin,457708,2021,4
Maybin, Cameron,457727,2021,1
Turner, Justin,457759,2021,3
Posey, Buster,457763,2021,0
Bruce, Jay,457803,2021,0
Happ, J.A.,457918,2021,0
Votto, Joey,458015,2021,1
Gardner, Brett,458731,2021,4
Joyce, Matt,459964,2021,0
Butera, Drew,460077,2021,0
Romine, Andrew,461865,2021,0
Andrus, Elvis,462101,2021,12
Sandoval, Pablo,467055,2021,0
Ramos, Wilson,467092,2021,0
Santana, Carlos,467793,2021,2
Parra, Gerardo,467827,2021,1
Carrasco, Carlos,471911,2021,0
Anderson, Brett,474463,2021,0
Mercer, Jordy,474568,2021,0
Belt, Brandon,474832,2021,3
Zimmerman, Ryan,475582,2021,0
Lowrie, Jed,476704,2021,0
Kershaw, Clayton,477132,2021,0
Avila, Alex,488671,2021,0
Brantley, Michael,488726,2021,1
Castro, Jason,488771,2021,0
Miley, Wade,489119,2021,0
Gurriel, Yuli,493329,2021,1
Campbell, Eric,493472,2021,0
Rojas, Miguel,500743,2021,13
Escobar, Eduardo,500871,2021,1
Adrianza, Ehire,501303,2021,0
Lagares, Juan,501571,2021,1
Almonte, Abraham,501659,2021,1
Davis, Khris,501981,2021,0
Gibson, Kyle,502043,2021,0
Pham, Tommy,502054,2021,14
Martinez, J.D.,502110,2021,0
Espino, Paolo,502179,2021,0
Reddick, Josh,502210,2021,0
Freeman, Mike,502273,2021,1
Dyson, Jarrod,502481,2021,10
Anderson, Chase,502624,2021,0
Goldschmidt, Paul,502671,2021,12
Gonzalez, Marwin,503556,2021,3
Darvish, Yu,506433,2021,0
León, Sandy,506702,2021,0
Sanchez, Adrián,506703,2021,0
Altuve, Jose,514888,2021,5
Hernández, César,514917,2021,1
Segura, Jean,516416,2021,9
Castro, Starlin,516770,2021,0
Marte, Starling,516782,2021,47
Bumgarner, Madison,518516,2021,0
Culberson, Charlie,518586,2021,7
d'Arnaud, Travis,518595,2021,0
Donaldson, Josh,518626,2021,0
Freeman, Freddie,518692,2021,8
Grandal, Yasmani,518735,2021,0
Heyward, Jason,518792,2021,5
Kelly, Merrill,518876,2021,0
Kozma, Pete,518902,2021,0
LeMahieu, DJ,518934,2021,4
Lucroy, Jonathan,518960,2021,0
Moore, Matt,519043,2021,0
Moreland, Mitch,519048,2021,0
Moustakas, Mike,519058,2021,0
Rizzo, Anthony,519203,2021,6
Romine, Austin,519222,2021,0
Sogard, Eric,519299,2021,3
Souza, Steven,519306,2021,0
Stanton, Giancarlo,519317,2021,0
Vogt, Stephen,519390,2021,0
Galvis, Freddy,520471,2021,1
Perez, Salvador,521692,2021,1
Flores, Wilmer,527038,2021,1
LaMarre, Ryan,534606,2021,1
Tovar, Wilfredo,541600,2021,0
García, Avisaíl,541645,2021,8
Pérez, Hernán,541650,2021,0
Inciarte, Ender,542255,2021,1
Ozuna, Marcell,542303,2021,0
Villar, Jonathan,542340,2021,14
Ortega, Rafael,542364,2021,12
Santana, Danny,542454,2021,4
Aguilar, Jesús,542583,2021,0
Anderson, Tyler,542881,2021,0
Berti, Jon,542932,2021,8
Brantly, Rob,542963,2021,0
Burns, Andy,542992,2021,0
Crawford, Brandon,543063,2021,11
Cron, C.J.,543068,2021,1
DeSclafani, Anthony,543101,2021,0
Dickerson, Alex,543105,2021,1
Gomes, Yan,543228,2021,0
Gray, Sonny,543243,2021,0
Grossman, Robbie,543257,2021,20
Harrison, Josh,543281,2021,9
Hendricks, Kyle,543294,2021,0
Hicks, Aaron,543305,2021,0
Hicks, John,543308,2021,0
Higashioka, Kyle,543309,2021,0
Hosmer, Eric,543333,2021,5
Lavarnway, Ryan,543432,2021,0
McCann, James,543510,2021,1
Miller, Brad,543543,2021,3
Nola, Austin,543592,2021,0
Rendon, Anthony,543685,2021,0
Semien, Marcus,543760,2021,15
Shaw, Travis,543768,2021,0
Springer, George,543807,2021,4
Vázquez, Christian,543877,2021,8
Wong, Kolten,543939,2021,12
Gregorius, Didi,544369,2021,3
Garcia, Leury,544725,2021,6
Vargas, Ildemaro,545121,2021,1
Bauer, Trevor,545333,2021,0
Grichuk, Randal,545341,2021,0
Marisnick, Jake,545350,2021,4
Stassi, Max,545358,2021,0
Trout, Mike,545361,2021,2
Herrera, Odúbel,546318,2021,6
Alford, Anthony,546990,2021,5
Almora, Albert,546991,2021,0
Poteet, Cody,547001,2021,0
Ruiz, Rio,547004,2021,2
Wolters, Tony,547172,2021,0
Harper, Bryce,547180,2021,13
Perez, Roberto,547379,2021,1
Kim, Kwang Hyun,547942,2021,0
Abreu, José,547989,2021,1
Díaz, Elias,553869,2021,0
Narváez, Omar,553882,2021,0
Astudillo, Willians,553902,2021,0
Suárez, Eugenio,553993,2021,0
Wheeler, Zack,554430,2021,0
Polanco, Gregory,570256,2021,14
González, Erik,570481,2021,2
Urshela, Gio,570482,2021,1
Schoop, Jonathan,570731,2021,2
Adams, Matt,571431,2021,0
Arenado, Nolan,571448,2021,2
Barnhart, Tucker,571466,2021,0
Corbin, Patrick,571578,2021,0
Farmer, Kyle,571657,2021,2
Goodwin, Brian,571718,2021,1
Hamilton, Billy,571740,2021,9
Haniger, Mitch,571745,2021,1
Hernández, Enrique,571771,2021,1
Holt, Brock,571788,2021,5
Lamb, Jake,571875,2021,0
Maile, Luke,571912,2021,0
Marrero, Deven,571918,2021,1
Mikolas, Miles,571945,2021,0
Muncy, Max,571970,2021,2
Myers, Wil,571976,2021,8
Naquin, Tyler,571980,2021,5
Owings, Chris,572008,2021,2
Piscotty, Stephen,572039,2021,1
Pollock, AJ,572041,2021,9
Seager, Kyle,572122,2021,3
Taylor, Michael A.,572191,2021,14
Thompson, Trayce,572204,2021,2
Voit , Luke,572228,2021,0
Walker, Christian,572233,2021,0
Zunino, Mike,572287,2021,0
Carpenter, Matt,572761,2021,2
Dickerson, Corey,572816,2021,6
Garneau, Dustin,572863,2021,0
Ruf, Darin,573131,2021,2
Stroman, Marcus,573186,2021,1
Yastrzemski, Mike,573262,2021,4
Contreras, Willson,575929,2021,5
Iglesias, José,578428,2021,5
Torreyes, Ronald,591720,2021,2
Valera, Breyvic,591971,2021,1
Bryant, Kris,592178,2021,10
Canha, Mark,592192,2021,12
Casali, Curt,592200,2021,0
Castellanos, Nick,592206,2021,3
DeShields, Delino,592261,2021,2
Drury, Brandon,592273,2021,0
Gamel, Ben,592325,2021,3
Gausman, Kevin,592332,2021,0
González, Chi Chi,592346,2021,0
Goodrum, Niko,592348,2021,14
Gray, Jon,592351,2021,0
Holaday, Bryan,592407,2021,0
Jones, JaCoby,592444,2021,2
Judge, Aaron,592450,2021,6
Machado, Manny,592518,2021,12
Marmolejos, José,592530,2021,0
Moran, Colin,592567,2021,1
Payton, Mark,592622,2021,0
Pederson, Joc,592626,2021,2
Ramos, Henry,592656,2021,0
Realmuto, J.T.,592663,2021,13
Renfroe, Hunter,592669,2021,1
Rosario, Eddie,592696,2021,11
Sampson, Adrian,592716,2021,0
Sanchez, Aaron,592717,2021,0
Simmons, Andrelton,592743,2021,1
Smith, Caleb,592761,2021,1
Smyly, Drew,592767,2021,0
Velasquez, Vince,592826,2021,0
Walker, Taijuan,592836,2021,0
Wilkerson, Stevie,592859,2021,2
Williams, Mason,592863,2021,0
Williams, Trevor,592866,2021,0
Yelich, Christian,592885,2021,9
Merrifield, Whit,593160,2021,40
Martinez, Carlos,593372,2021,0
Bogaerts, Xander,593428,2021,5
Bonifacio, Jorge,593528,2021,0
Rivas, Webster,593590,2021,0
Alberto, Hanser,593643,2021,3
Polanco, Jorge,593871,2021,11
Sanó, Miguel,593934,2021,2
Difo, Wilmer,594694,2021,1
Calhoun, Kole,594777,2021,1
deGrom, Jacob,594798,2021,0
Duvall, Adam,594807,2021,5
Eaton, Adam,594809,2021,3
Gosselin, Phil,594838,2021,4
Schebler, Scott,594988,2021,0
Kiermaier, Kevin,595281,2021,9
Knapp, Andrew,595284,2021,0
Wallach, Chad,595453,2021,0
Alfaro, Jorge,595751,2021,8
Profar, Jurickson,595777,2021,10
Báez, Javier,595879,2021,18
Cave, Jake,595909,2021,1
Evans, Phillip,595943,2021,1
Gallagher, Cam,595956,2021,0
Hedges, Austin,595978,2021,1
Heineman, Scott,595981,2021,0
Lindor, Francisco,596019,2021,10
Nogowski, John,596056,2021,0
Odor, Rougned,596059,2021,0
Slater, Austin,596103,2021,15
Story, Trevor,596115,2021,20
Stubbs, Garrett,596117,2021,0
Vogelbach, Daniel,596129,2021,0
Weaver, Luke,596133,2021,0
Sanchez, Gary,596142,2021,0
Kepler, Max,596146,2021,10
Gomber, Austin,596295,2021,0
Quinn, Roman,596451,2021,4
Franco, Maikel,596748,2021,0
García, Robel,596825,2021,0
Choi, Ji Man,596847,2021,0
Bradley, Jackie,598265,2021,7
Motter, Taylor,600301,2021,0
La Stella, Tommy,600303,2021,0
Severino, Pedro,600474,2021,0
Núñez, Renato,600524,2021,0
Candelario, Jeimer,600869,2021,0
Daza, Yonathan,602074,2021,2
Urías, Ramón,602104,2021,1
Rondon, José,602922,2021,2
Ahmed, Nick,605113,2021,7
Anderson, Brian,605119,2021,5
Barnes, Austin,605131,2021,1
Bell, Josh,605137,2021,0
Betts, Mookie,605141,2021,10
Caratini, Victor,605170,2021,2
Davies, Zach,605200,2021,0
Davis, J.D.,605204,2021,1
Garcia, Aramis,605244,2021,0
Houser, Adrian,605288,2021,0
López, Jack,605346,2021,0
Machín, Vimael,605353,2021,0
Martini, Nick,605361,2021,0
Musgrove, Joe,605397,2021,0
Nola, Aaron,605400,2021,0
Panik, Joe,605412,2021,2
Pérez, Michael,605421,2021,0
Ross, Joe,605452,2021,0
Snell, Blake,605483,2021,0
Thompson, Zach,605507,2021,0
Woodruff, Brandon,605540,2021,0
Zimmer, Bradley,605548,2021,15
Castro, Harold,605612,2021,1
Arcia, Orlando,606115,2021,1
Tapia, Raimel,606132,2021,20
Aquino, Aristides,606157,2021,2
Hernández, Teoscar,606192,2021,12
Mercedes, Yermín,606213,2021,0
Peraza, José,606299,2021,1
Marte, Ketel,606466,2021,2
Greiner, Grayson,606988,2021,0
Haase, Eric,606992,2021,2
Hager, Jake,606993,2021,0
Nimmo, Brandon,607043,2021,5
Peterson, Jace,607054,2021,10
Wilson, Jacob,607111,2021,0
Fedde, Erick,607200,2021,0
Turner, Trea,607208,2021,32
Gant, John,607231,2021,0
Smith, Kevan,607345,2021,0
Beaty, Matt,607461,2021,2
Blandino, Alex,607468,2021,1
Freeland, Kyle,607536,2021,0
Pillar, Kevin,607680,2021,4
Stallings, Jacob,607732,2021,0
Ramírez, José,608070,2021,27
Bregman, Alex,608324,2021,1
De Jong, Chase,608328,2021,0
Fried, Max,608331,2021,0
Gallo, Joey,608336,2021,6
Kelly, Carson,608348,2021,0
Seager, Corey,608369,2021,1
Williams, Nick,608384,2021,0
Winker, Jesse,608385,2021,1
Godoy, José,608422,2021,0
Marquez, German,608566,2021,0
Mazara, Nomar,608577,2021,0
Murphy, Tom,608596,2021,0
Guzmán, Ronald,608597,2021,0
Jankowski, Travis,608671,2021,5
Mayfield, Jack,608686,2021,5
Plawecki, Kevin,608700,2021,0
Refsnyder, Rob,608701,2021,1
Mondesi, Adalberto,609275,2021,15
Andujar, Miguel,609280,2021,0
Vosler, Jason,613564,2021,2
Cordero, Franchy,614173,2021,1
Reyes, Franmil,614177,2021,4
Torrens, Luis,620443,2021,0
Robertson, Daniel,621002,2021,0
Lopes, Tim,621005,2021,0
Martin, Richie,621006,2021,0
Schrock, Max,621011,2021,1
Swanson, Dansby,621020,2021,9
Newman, Kevin,621028,2021,6
Taylor, Chris,621035,2021,13
Correa, Carlos,621043,2021,0
Eflin, Zach,621107,2021,0
Buehler, Walker,621111,2021,0
Mills, Alec,621219,2021,0
Dahl, David,621311,2021,2
Phillips, Brett,621433,2021,14
Taylor, Tyrone,621438,2021,6
Buxton, Byron,621439,2021,9
Brinson, Lewis,621446,2021,1
Bolt, Skye,621450,2021,2
Duggar, Steven,621453,2021,7
Rios, Edwin,621458,2021,0
Stewart, DJ,621466,2021,0
Ward, Taylor,621493,2021,1
Mathisen, Wyatt,621500,2021,0
Nido, Tomás,621512,2021,1
Bemboom, Anthony,621532,2021,0
Wisdom, Patrick,621550,2021,4
Moroff, Max,621559,2021,0
Wendle, Joey,621563,2021,8
Olson, Matt,621566,2021,4
Dean, Austin,621573,2021,0
Wood, Alex,622072,2021,0
Jones, Taylor,622100,2021,0
Duffy, Matt,622110,2021,8
Muñoz, Yairo,622168,2021,0
Walton, Donovan,622268,2021,1
Castillo, Luis,622491,2021,0
Crismatt, Nabil,622503,2021,0
Margot, Manuel,622534,2021,13
Reyes, Pablo,622569,2021,4
Senzatela, Antonio,622608,2021,0
Camargo, Johan,622666,2021,0
Reyes, Victor,622682,2021,5
Hernández, Elieser,622694,2021,0
Mateo, Jorge,622761,2021,10
Velazquez, Andrew,623205,2021,4
Giambrone, Trent,623508,2021,0
Bote, David,623520,2021,0
Ramírez, Harold,623912,2021,3
Santander, Anthony,623993,2021,1
Suárez, Ranger,624133,2021,0
Alonso, Pete,624413,2021,3
Arroyo, Christian,624414,2021,1
Biggio, Cavan,624415,2021,3
Conforto, Michael,624424,2021,1
Frazier, Adam,624428,2021,10
Trevino, Jose,624431,2021,1
Gordon, Nick,624503,2021,10
McGuire, Reese,624512,2021,0
Nuñez, Dom,624513,2021,0
Soler, Jorge,624585,2021,0
Sosa, Edmundo,624641,2021,4
Heredia, Guillermo,628338,2021,0
Hernandez, Yadiel,628450,2021,3
Ibáñez, Andy,628451,2021,0
Urias, Julio,628711,2021,0
Cronenworth, Jake,630105,2021,4
Crowe, Wil,640444,2021,0
Frazier, Clint,640449,2021,2
Meadows, Austin,640457,2021,4
Mercado, Óscar,640458,2021,7
Pinder, Chad,640461,2021,1
Alzolay, Adbert,640470,2021,0
Lopez, Pablo,641154,2021,0
Anderson, Tim,641313,2021,18
Bauers, Jake,641343,2021,6
Bellinger, Cody,641355,2021,3
Calhoun, Willie,641432,2021,0
Collins, Zack,641470,2021,1
Crawford, J.P.,641487,2021,3
Davis, Jonathan,641505,2021,4
Dozier, Hunter,641531,2021,5
Engel, Adam,641553,2021,7
Fargas, Johneshwy,641561,2021,1
Fowler, Dustin,641583,2021,1
Fraley, Jake,641584,2021,10
Garver, Mitch,641598,2021,1
Guillorme, Luis,641645,2021,0
Hampson, Garrett,641658,2021,17
Heim, Jonah,641680,2021,3
Hermosillo, Michael,641684,2021,0
Kuhl, Chad,641771,2021,0
Lauer, Eric,641778,2021,0
Lewis, Kyle,641786,2021,2
Locastro, Tim,641796,2021,5
Mahle, Tyler,641816,2021,0
Mancini , Trey,641820,2021,0
Martin, Jason,641829,2021,3
McKinney, Billy,641856,2021,2
McMahon, Ryan,641857,2021,6
Neuse, Sheldon,641914,2021,1
Nottingham, Jacob,641924,2021,0
O'Neill, Tyler,641933,2021,15
Palacios, Joshua,641943,2021,0
Rogers, Josh,642028,2021,0
Sisco, Chance,642082,2021,0
Smith, Dominic,642086,2021,2
Smith, Riley,642092,2021,0
Tellez, Rowdy,642133,2021,0
Valaika, Pat,642162,2021,1
VanMeter, Josh,642165,2021,3
Wade, Tyler,642180,2021,17
White, Eli,642201,2021,4
Widener, Taylor,642203,2021,0
Williams, Justin,642211,2021,0
Wong, Kean,642221,2021,0
Mejía, Francisco,642336,2021,0
Siri, Jose,642350,2021,3
Sierra, Magneuris,642423,2021,11
Peralta, Freddy,642547,2021,0
Rosario, Amed,642708,2021,13
Adames, Willy,642715,2021,5
Gutiérrez, Kelvin,642721,2021,0
Alcántara, Sergio,642727,2021,3
Estrada, Thairo,642731,2021,1
Leyba, Domingo,642736,2021,0
Wynns, Austin,642851,2021,1
Benintendi, Andrew,643217,2021,8
Cooper, Garrett,643265,2021,1
Craig, Will,643269,2021,0
Dubón, Mauricio,643289,2021,2
Jansen, Danny,643376,2021,0
Kemp, Tony,643393,2021,8
Kiner-Falefa, Isiah,643396,2021,20
Long, Shed,643418,2021,1
McNeil, Jeff,643446,2021,3
Schwindel, Frank,643524,2021,2
Tauchman, Mike,643565,2021,3
Chang, Yu,644374,2021,1
Tromp, Chadwick,644433,2021,0
Alcantara, Sandy,645261,2021,0
Albies, Ozzie,645277,2021,20
Robles, Victor,645302,2021,8
Ford, Mike,645801,2021,0
Devers, Rafael,646240,2021,5
Naylor, Josh,647304,2021,1
Toro, Abraham,647351,2021,6
Díaz, Aledmys,649557,2021,0
Urías, Luis,649966,2021,5
Díaz, Lewin,650331,2021,0
Arraez, Luis,650333,2021,2
Jiménez, Eloy,650391,2021,0
Torres, Gleyber,650402,2021,14
Castro, Willi,650489,2021,9
Díaz, Yandy,650490,2021,1
De La Cruz, Bryan,650559,2021,1
Rengifo, Luis,650859,2021,1
Pozo, Yohel,650968,2021,0
Adams, Riley,656180,2021,0
Allen, Greg,656185,2021,5
Bradley, Bobby,656252,2021,0
Chapman, Matt,656305,2021,3
Chavis, Michael,656308,2021,1
Deichmann, Greg,656364,2021,0
Diaz, Isan,656371,2021,1
Ellis, Drew,656403,2021,0
Fairchild, Stuart,656413,2021,0
Flaherty, Jack,656427,2021,0
Gilbert, Tyler,656457,2021,0
Gittens, Chris,656467,2021,0
Harrison, Monte,656509,2021,0
Haseley, Adam,656514,2021,0
Hill, Derek,656537,2021,6
Hilliard, Sam,656541,2021,5
Hoffman, Jeff,656546,2021,0
Holloway, Jordan,656548,2021,0
Hoskins, Rhys,656555,2021,3
Jackson, Alex,656577,2021,0
Joe, Connor,656582,2021,0
Keller, Mitch,656605,2021,0
Luplow, Jordan,656669,2021,1
McKinstry, Zach,656716,2021,1
Megill, Tylor,656731,2021,0
Mullins, Cedric,656775,2021,30
O'Hearn, Ryan,656811,2021,0
Padlo, Kevin,656821,2021,0
Peters, DJ,656847,2021,2
Peterson, David,656849,2021,0
Rivera, Emmanuel,656896,2021,2
Schwarber, Kyle,656941,2021,1
Smith, Pavin,656976,2021,1
Steele, Justin,657006,2021,0
Stokes, Troy,657011,2021,1
Thomas, Lane,657041,2021,6
Toussaint, Touki,657053,2021,0
Tucker, Cole,657061,2021,2
Verdugo, Alex,657077,2021,6
White, Evan,657108,2021,0
Wong, Connor,657136,2021,0
Alvarez, Eddy,657193,2021,1
Webb, Logan,657277,2021,0
O'Grady, Brian,657434,2021,0
DeJong, Paul,657557,2021,4
Laureano, Ramón,657656,2021,12
Sheets, Gavin,657757,2021,0
Fuentes, Joshua,658069,2021,0
Olivares, Edward,658668,2021,2
Moncada, Yoán,660162,2021,3
Ohtani, Shohei,660271,2021,26
Tsutsugo, Yoshi,660294,2021,0
Araúz, Jonathan,660620,2021,0
Ynoa, Huascar,660623,2021,0
Hernández, Yonny,660634,2021,11
Bruján, Vidal,660644,2021,1
Acuña, Ronald,660670,2021,17
Ruiz, Keibert,660688,2021,0
Tejeda, Anderson,660731,2021,1
Sánchez, Jesús,660821,2021,0
Park, Hoy,660829,2021,1
Gutierrez, Vladimir,661269,2021,0
Contreras, William,661388,2021,0
Varsho, Daulton,662139,2021,6
Jones, Jahmai,663330,2021,1
Nootbaar, Lars,663457,2021,2
Nevin, Tyler,663527,2021,0
Hoerner, Nico,663538,2021,5
Riley, Austin,663586,2021,0
Madrigal, Nick,663611,2021,1
Larnach, Trevor,663616,2021,1
Mountcastle, Ryan,663624,2021,4
McKenna, Ryan,663630,2021,1
Hayes, Ke'Bryan,663647,2021,9
Tucker, Kyle,663656,2021,14
Cameron, Daz,663662,2021,6
India, Jonathan,663697,2021,12
Raleigh, Cal,663728,2021,0
Neidert, Nick,663734,2021,0
Fortes, Nick,663743,2021,1
Grisham, Trent,663757,2021,13
Woodford, Jake,663765,2021,0
Terry, Curtis,663799,2021,0
Vierling, Matt,663837,2021,2
Rivas, Alfonso,663845,2021,0
Gonzalez, Romy,663853,2021,0
Stephenson, Tyler,663886,2021,0
Williams, Luke,663897,2021,2
Rodgers, Brendan,663898,2021,0
Blankenhorn, Travis,663905,2021,0
Paddack, Chris,663978,2021,0
Lowe, Nathaniel,663993,2021,8
Happ, Ian,664023,2021,9
France, Ty,664034,2021,0
Lowe, Brandon,664040,2021,7
Bader, Harrison,664056,2021,9
Stevenson, Andrew,664057,2021,1
Fletcher, David,664058,2021,15
Haggerty, Sam,664059,2021,5
Gonsolin, Tony,664062,2021,0
Kingery, Scott,664068,2021,0
Brubaker, JT,664141,2021,0
Lucchesi, Joey,664192,2021,0
Moore, Dylan,664238,2021,21
Garlick, Kyle,664247,2021,1
Florial, Estevan,664314,2021,1
Lopez, Alejo,664670,2021,0
Straw, Myles,664702,2021,30
Isbel, Kyle,664728,2021,2
Higgins, P.J.,664731,2021,0
Bohm, Alec,664761,2021,4
Wade , LaMonte,664774,2021,6
Tom, Ka'ai,664789,2021,1
Mazeika, Patrick,664850,2021,0
Zavala, Seby,664874,2021,0
Mendick, Danny,664901,2021,0
Brown, Seth,664913,2021,4
McCarthy, Jake,664983,2021,3
Walsh, Jared,665120,2021,2
Maton, Nick,665155,2021,2
Celestino, Gilberto,665482,2021,0
Tatis , Fernando,665487,2021,25
Guerrero , Vladimir,665489,2021,4
Pache, Cristian,665506,2021,0
Marchán, Rafael,665561,2021,0
Soto, Juan,665742,2021,9
Taveras, Leody,665750,2021,10
Rivero, Sebastián ,665861,2021,0
Chisholm , Jazz,665862,2021,23
Giménez, Andrés,665926,2021,11
Anderson, Ian,666120,2021,0
Garrett, Braxton,666129,2021,0
Kirilloff, Alex,666135,2021,1
Lee, Khalil,666137,2021,0
Lux, Gavin,666158,2021,4
Moniak, Mickey,666160,2021,0
Rortvedt, Ben,666163,2021,0
Adell, Jo,666176,2021,2
Beer, Seth,666179,2021,0
Bichette, Bo,666182,2021,25
Carlson, Dylan,666185,2021,2
Kieboom, Carter,666198,2021,0
Luzardo, Jesus,666200,2021,0
Muller, Kyle,666205,2021,0
Trammell, Taylor,666211,2021,2
Welker, Colton,666213,2021,0
Castro, Rodolfo,666801,2021,0
Dalbec, Bobby,666915,2021,2
Oliva, Jared,666931,2021,2
García, Adolis,666969,2021,16
Gurriel , Lourdes,666971,2021,1
Rooker , Brent,667670,2021,0
Arozarena, Randy,668227,2021,20
Barrera, Tres,668663,2021,0
Rogers, Jake,668670,2021,1
Gallen, Zac,668678,2021,0
Henry, Payton,668721,2021,0
Baddoo, Akil,668731,2021,18
Knizner, Andrew,668800,2021,0
Reynolds, Bryan,668804,2021,5
Kranick, Max,668820,2021,0
Rojas, Josh,668942,2021,9
Marsh, Brandon,669016,2021,6
Wilson, Bryse,669060,2021,0
Campusano, Luis,669134,2021,0
Burnes, Corbin,669203,2021,0
Murphy, Sean,669221,2021,0
Senzel, Nick,669222,2021,2
Edman, Tommy,669242,2021,30
Solak, Nick,669256,2021,7
Smith, Will,669257,2021,3
Johnson, Daniel,669288,2021,1
Espinal, Santiago,669289,2021,6
Hiura, Keston,669374,2021,3
Burger, Jake,669394,2021,0
Rogers, Trevor,669432,2021,0
Long, Sam,669674,2021,0
Hays, Austin,669720,2021,4
White, Mitch,669952,2021,0
Lopez, Nicky,670032,2021,22
Raley, Luke,670042,2021,0
Heath, Nick,670084,2021,0
Short, Zack,670097,2021,2
Rojas, Jose,670351,2021,2
Young, Andrew,670370,2021,0
Alvarez, Yordan,670541,2021,1
Paredes, Isaac,670623,2021,0
Brosseau, Mike,670712,2021,2
Walls, Taylor,670764,2021,4
González, Luis,670768,2021,0
Friedl , TJ,670770,2021,0
Oviedo, Johan,670912,2021,0
García, Luis,671277,2021,0
Kelenic, Jarred,672284,2021,6
Kirk, Alejandro,672386,2021,0
Perdomo, Geraldo,672695,2021,0
Devers, José,672701,2021,0
Marcano, Tucupita,672779,2021,0
Robert , Luis,673357,2021,6
Akiyama, Shogo,673451,2021,2
Kim, Ha-Seong,673490,2021,6
Miller, Brian,675649,2021,0
Smith, Kevin,675656,2021,0
Clement, Ernie,676391,2021,0
Barrero, Jose,676480,2021,1
Reks, Zach,676646,2021,0
Meyers, Jake,676694,2021,3
Trejo, Alan,676701,2021,0
McCormick, Chas,676801,2021,4
Peacock, Matt,676840,2021,1
Franco, Wander,677551,2021,2
Weathers, Ryan,677960,2021,0
Gray, Josiah,680686,2021,0
Duran, Jarren,680776,2021,2
Jeffers, Ryan,680777,2021,0
Miller, Owen,680911,2021,2
Vaughn, Andrew,683734,2021,1
